"time_period","location","sample_0","sample_1","sample_2","sample_3","sample_4","sample_5","sample_6","sample_7","sample_8","sample_9","sample_10","sample_11","sample_12","sample_13","sample_14","sample_15","sample_16","sample_17","sample_18","sample_19","sample_20","sample_21","sample_22","sample_23","sample_24","sample_25","sample_26","sample_27","sample_28","sample_29","sample_30","sample_31","sample_32","sample_33","sample_34","sample_35","sample_36","sample_37","sample_38","sample_39","sample_40","sample_41","sample_42","sample_43","sample_44","sample_45","sample_46","sample_47","sample_48","sample_49","sample_50","sample_51","sample_52","sample_53","sample_54","sample_55","sample_56","sample_57","sample_58","sample_59","sample_60","sample_61","sample_62","sample_63","sample_64","sample_65","sample_66","sample_67","sample_68","sample_69","sample_70","sample_71","sample_72","sample_73","sample_74","sample_75","sample_76","sample_77","sample_78","sample_79","sample_80","sample_81","sample_82","sample_83","sample_84","sample_85","sample_86","sample_87","sample_88","sample_89","sample_90","sample_91","sample_92","sample_93","sample_94","sample_95","sample_96","sample_97","sample_98","sample_99","sample_100","sample_101","sample_102","sample_103","sample_104","sample_105","sample_106","sample_107","sample_108","sample_109","sample_110","sample_111","sample_112","sample_113","sample_114","sample_115","sample_116","sample_117","sample_118","sample_119","sample_120","sample_121","sample_122","sample_123","sample_124","sample_125","sample_126","sample_127","sample_128","sample_129","sample_130","sample_131","sample_132","sample_133","sample_134","sample_135","sample_136","sample_137","sample_138","sample_139","sample_140","sample_141","sample_142","sample_143","sample_144","sample_145","sample_146","sample_147","sample_148","sample_149","sample_150","sample_151","sample_152","sample_153","sample_154","sample_155","sample_156","sample_157","sample_158","sample_159","sample_160","sample_161","sample_162","sample_163","sample_164","sample_165","sample_166","sample_167","sample_168","sample_169","sample_170","sample_171","sample_172","sample_173","sample_174","sample_175","sample_176","sample_177","sample_178","sample_179","sample_180","sample_181","sample_182","sample_183","sample_184","sample_185","sample_186","sample_187","sample_188","sample_189","sample_190","sample_191","sample_192","sample_193","sample_194","sample_195","sample_196","sample_197","sample_198","sample_199","sample_200","sample_201","sample_202","sample_203","sample_204","sample_205","sample_206","sample_207","sample_208","sample_209","sample_210","sample_211","sample_212","sample_213","sample_214","sample_215","sample_216","sample_217","sample_218","sample_219","sample_220","sample_221","sample_222","sample_223","sample_224","sample_225","sample_226","sample_227","sample_228","sample_229","sample_230","sample_231","sample_232","sample_233","sample_234","sample_235","sample_236","sample_237","sample_238","sample_239","sample_240","sample_241","sample_242","sample_243","sample_244","sample_245","sample_246","sample_247","sample_248","sample_249","sample_250","sample_251","sample_252","sample_253","sample_254","sample_255","sample_256","sample_257","sample_258","sample_259","sample_260","sample_261","sample_262","sample_263","sample_264","sample_265","sample_266","sample_267","sample_268","sample_269","sample_270","sample_271","sample_272","sample_273","sample_274","sample_275","sample_276","sample_277","sample_278","sample_279","sample_280","sample_281","sample_282","sample_283","sample_284","sample_285","sample_286","sample_287","sample_288","sample_289","sample_290","sample_291","sample_292","sample_293","sample_294","sample_295","sample_296","sample_297","sample_298","sample_299","sample_300","sample_301","sample_302","sample_303","sample_304","sample_305","sample_306","sample_307","sample_308","sample_309","sample_310","sample_311","sample_312","sample_313","sample_314","sample_315","sample_316","sample_317","sample_318","sample_319","sample_320","sample_321","sample_322","sample_323","sample_324","sample_325","sample_326","sample_327","sample_328","sample_329","sample_330","sample_331","sample_332","sample_333","sample_334","sample_335","sample_336","sample_337","sample_338","sample_339","sample_340","sample_341","sample_342","sample_343","sample_344","sample_345","sample_346","sample_347","sample_348","sample_349","sample_350","sample_351","sample_352","sample_353","sample_354","sample_355","sample_356","sample_357","sample_358","sample_359","sample_360","sample_361","sample_362","sample_363","sample_364","sample_365","sample_366","sample_367","sample_368","sample_369","sample_370","sample_371","sample_372","sample_373","sample_374","sample_375","sample_376","sample_377","sample_378","sample_379","sample_380","sample_381","sample_382","sample_383","sample_384","sample_385","sample_386","sample_387","sample_388","sample_389","sample_390","sample_391","sample_392","sample_393","sample_394","sample_395","sample_396","sample_397","sample_398","sample_399","sample_400","sample_401","sample_402","sample_403","sample_404","sample_405","sample_406","sample_407","sample_408","sample_409","sample_410","sample_411","sample_412","sample_413","sample_414","sample_415","sample_416","sample_417","sample_418","sample_419","sample_420","sample_421","sample_422","sample_423","sample_424","sample_425","sample_426","sample_427","sample_428","sample_429","sample_430","sample_431","sample_432","sample_433","sample_434","sample_435","sample_436","sample_437","sample_438","sample_439","sample_440","sample_441","sample_442","sample_443","sample_444","sample_445","sample_446","sample_447","sample_448","sample_449","sample_450","sample_451","sample_452","sample_453","sample_454","sample_455","sample_456","sample_457","sample_458","sample_459","sample_460","sample_461","sample_462","sample_463","sample_464","sample_465","sample_466","sample_467","sample_468","sample_469","sample_470","sample_471","sample_472","sample_473","sample_474","sample_475","sample_476","sample_477","sample_478","sample_479","sample_480","sample_481","sample_482","sample_483","sample_484","sample_485","sample_486","sample_487","sample_488","sample_489","sample_490","sample_491","sample_492","sample_493","sample_494","sample_495","sample_496","sample_497","sample_498","sample_499","sample_500","sample_501","sample_502","sample_503","sample_504","sample_505","sample_506","sample_507","sample_508","sample_509","sample_510","sample_511","sample_512","sample_513","sample_514","sample_515","sample_516","sample_517","sample_518","sample_519","sample_520","sample_521","sample_522","sample_523","sample_524","sample_525","sample_526","sample_527","sample_528","sample_529","sample_530","sample_531","sample_532","sample_533","sample_534","sample_535","sample_536","sample_537","sample_538","sample_539","sample_540","sample_541","sample_542","sample_543","sample_544","sample_545","sample_546","sample_547","sample_548","sample_549","sample_550","sample_551","sample_552","sample_553","sample_554","sample_555","sample_556","sample_557","sample_558","sample_559","sample_560","sample_561","sample_562","sample_563","sample_564","sample_565","sample_566","sample_567","sample_568","sample_569","sample_570","sample_571","sample_572","sample_573","sample_574","sample_575","sample_576","sample_577","sample_578","sample_579","sample_580","sample_581","sample_582","sample_583","sample_584","sample_585","sample_586","sample_587","sample_588","sample_589","sample_590","sample_591","sample_592","sample_593","sample_594","sample_595","sample_596","sample_597","sample_598","sample_599","sample_600","sample_601","sample_602","sample_603","sample_604","sample_605","sample_606","sample_607","sample_608","sample_609","sample_610","sample_611","sample_612","sample_613","sample_614","sample_615","sample_616","sample_617","sample_618","sample_619","sample_620","sample_621","sample_622","sample_623","sample_624","sample_625","sample_626","sample_627","sample_628","sample_629","sample_630","sample_631","sample_632","sample_633","sample_634","sample_635","sample_636","sample_637","sample_638","sample_639","sample_640","sample_641","sample_642","sample_643","sample_644","sample_645","sample_646","sample_647","sample_648","sample_649","sample_650","sample_651","sample_652","sample_653","sample_654","sample_655","sample_656","sample_657","sample_658","sample_659","sample_660","sample_661","sample_662","sample_663","sample_664","sample_665","sample_666","sample_667","sample_668","sample_669","sample_670","sample_671","sample_672","sample_673","sample_674","sample_675","sample_676","sample_677","sample_678","sample_679","sample_680","sample_681","sample_682","sample_683","sample_684","sample_685","sample_686","sample_687","sample_688","sample_689","sample_690","sample_691","sample_692","sample_693","sample_694","sample_695","sample_696","sample_697","sample_698","sample_699","sample_700","sample_701","sample_702","sample_703","sample_704","sample_705","sample_706","sample_707","sample_708","sample_709","sample_710","sample_711","sample_712","sample_713","sample_714","sample_715","sample_716","sample_717","sample_718","sample_719","sample_720","sample_721","sample_722","sample_723","sample_724","sample_725","sample_726","sample_727","sample_728","sample_729","sample_730","sample_731","sample_732","sample_733","sample_734","sample_735","sample_736","sample_737","sample_738","sample_739","sample_740","sample_741","sample_742","sample_743","sample_744","sample_745","sample_746","sample_747","sample_748","sample_749","sample_750","sample_751","sample_752","sample_753","sample_754","sample_755","sample_756","sample_757","sample_758","sample_759","sample_760","sample_761","sample_762","sample_763","sample_764","sample_765","sample_766","sample_767","sample_768","sample_769","sample_770","sample_771","sample_772","sample_773","sample_774","sample_775","sample_776","sample_777","sample_778","sample_779","sample_780","sample_781","sample_782","sample_783","sample_784","sample_785","sample_786","sample_787","sample_788","sample_789","sample_790","sample_791","sample_792","sample_793","sample_794","sample_795","sample_796","sample_797","sample_798","sample_799","sample_800","sample_801","sample_802","sample_803","sample_804","sample_805","sample_806","sample_807","sample_808","sample_809","sample_810","sample_811","sample_812","sample_813","sample_814","sample_815","sample_816","sample_817","sample_818","sample_819","sample_820","sample_821","sample_822","sample_823","sample_824","sample_825","sample_826","sample_827","sample_828","sample_829","sample_830","sample_831","sample_832","sample_833","sample_834","sample_835","sample_836","sample_837","sample_838","sample_839","sample_840","sample_841","sample_842","sample_843","sample_844","sample_845","sample_846","sample_847","sample_848","sample_849","sample_850","sample_851","sample_852","sample_853","sample_854","sample_855","sample_856","sample_857","sample_858","sample_859","sample_860","sample_861","sample_862","sample_863","sample_864","sample_865","sample_866","sample_867","sample_868","sample_869","sample_870","sample_871","sample_872","sample_873","sample_874","sample_875","sample_876","sample_877","sample_878","sample_879","sample_880","sample_881","sample_882","sample_883","sample_884","sample_885","sample_886","sample_887","sample_888","sample_889","sample_890","sample_891","sample_892","sample_893","sample_894","sample_895","sample_896","sample_897","sample_898","sample_899","sample_900","sample_901","sample_902","sample_903","sample_904","sample_905","sample_906","sample_907","sample_908","sample_909","sample_910","sample_911","sample_912","sample_913","sample_914","sample_915","sample_916","sample_917","sample_918","sample_919","sample_920","sample_921","sample_922","sample_923","sample_924","sample_925","sample_926","sample_927","sample_928","sample_929","sample_930","sample_931","sample_932","sample_933","sample_934","sample_935","sample_936","sample_937","sample_938","sample_939","sample_940","sample_941","sample_942","sample_943","sample_944","sample_945","sample_946","sample_947","sample_948","sample_949","sample_950","sample_951","sample_952","sample_953","sample_954","sample_955","sample_956","sample_957","sample_958","sample_959","sample_960","sample_961","sample_962","sample_963","sample_964","sample_965","sample_966","sample_967","sample_968","sample_969","sample_970","sample_971","sample_972","sample_973","sample_974","sample_975","sample_976","sample_977","sample_978","sample_979","sample_980","sample_981","sample_982","sample_983","sample_984","sample_985","sample_986","sample_987","sample_988","sample_989","sample_990","sample_991","sample_992","sample_993","sample_994","sample_995","sample_996","sample_997","sample_998","sample_999"
"2013-04","Bokeo",9,5,46,5,3,8,1,9,9,14,3,7,6,7,3,10,11,2,17,13,12,0,3,1,10,38,19,7,15,0,1,11,1,8,7,43,11,3,4,8,1,4,3,7,24,4,1,6,11,3,9,0,0,16,0,11,17,1,3,8,13,5,5,22,2,1,5,26,11,31,4,3,10,7,4,6,9,13,1,5,14,13,14,8,4,1,0,7,31,6,6,2,16,12,2,9,1,5,7,3,6,4,22,1,3,10,1,0,3,7,10,3,0,8,30,8,7,1,17,14,10,8,4,8,2,5,20,3,11,7,6,11,2,0,4,3,4,5,3,8,4,21,5,7,15,8,17,8,9,12,6,1,11,3,21,4,10,2,3,4,17,2,1,11,33,6,10,2,25,12,3,0,3,1,5,16,22,0,2,24,15,13,3,1,4,0,6,2,8,1,2,1,21,17,0,6,8,9,8,2,0,3,21,3,14,5,4,6,5,18,14,17,4,2,10,9,7,2,3,2,3,3,1,4,3,5,3,8,1,15,4,5,11,16,8,26,0,6,3,10,4,10,2,3,0,8,3,18,2,8,2,1,4,2,6,5,10,13,10,8,9,3,1,1,6,7,7,9,13,8,1,7,28,23,6,7,12,8,1,4,1,6,1,2,0,6,2,16,44,2,20,24,14,9,2,4,12,7,6,23,39,16,17,5,27,17,2,4,7,3,1,0,6,1,10,3,6,19,2,3,6,13,14,5,8,1,14,6,15,5,4,3,30,7,9,4,17,3,4,4,1,6,11,15,4,11,15,1,3,8,4,15,15,0,7,13,14,26,6,1,5,15,1,21,13,6,22,6,1,19,7,0,11,13,10,1,0,2,1,7,13,1,1,9,12,24,7,2,8,9,2,0,5,0,2,2,2,7,15,10,15,10,7,1,26,2,20,11,41,15,13,4,7,1,8,3,4,16,27,0,1,2,3,22,20,8,3,9,7,9,3,44,0,17,5,1,8,17,18,8,27,16,4,7,1,4,1,13,22,0,7,2,12,18,49,9,1,1,2,16,2,5,2,12,3,8,3,5,1,1,0,28,22,1,4,6,11,5,13,24,4,2,13,1,5,1,5,12,6,5,6,5,14,9,2,15,2,27,25,9,5,5,3,6,3,25,9,16,2,14,6,5,25,11,4,10,2,11,5,6,16,3,2,6,3,4,5,18,9,2,8,6,3,11,7,16,22,4,0,3,3,19,10,3,2,5,3,10,4,18,1,6,5,19,3,1,8,2,6,5,12,15,11,1,0,0,22,6,7,2,40,21,20,2,9,9,11,0,0,2,6,12,6,5,19,8,17,7,3,39,0,6,11,8,9,8,10,6,5,2,3,11,3,18,0,3,5,5,1,5,2,1,37,15,7,1,0,3,1,17,1,19,3,20,12,11,8,2,3,2,2,0,9,1,17,14,4,10,10,13,5,12,8,0,5,9,41,9,38,8,13,6,15,7,8,4,17,1,3,9,1,33,9,5,21,27,3,22,10,16,6,21,0,12,22,1,8,22,1,1,62,13,17,13,15,6,37,2,19,5,3,6,3,1,1,15,31,7,3,7,15,6,1,4,5,3,6,9,17,0,5,5,1,9,5,2,0,26,1,4,0,1,14,8,10,4,2,7,3,4,17,3,2,93,6,7,11,1,5,16,7,11,5,15,7,15,6,4,3,38,0,3,17,4,1,0,13,5,2,10,7,2,1,8,8,6,3,0,2,1,9,0,7,13,5,4,2,11,5,4,6,3,9,18,2,7,2,16,3,2,5,26,3,5,18,4,25,5,12,8,2,14,15,1,5,19,14,21,0,3,26,3,2,17,39,14,21,21,3,10,19,12,3,1,6,0,3,24,59,2,15,12,3,9,7,16,3,16,6,6,0,15,8,12,17,6,3,12,2,2,15,10,11,1,1,1,16,2,7,0,11,39,6,2,5,6,13,4,11,2,4,4,9,38,1,8,16,15,21,15,7,16,2,3,10,33,9,7,4,2,6,12,9,1,16,4,5,7,3,3,4,1,3,5,9,5,9,14,23,3,21,2,4,6,6,26,5,11,0,7,5,4,9,2,26,5,5,10,16,17,30,2,8,10,5,25,1,1,47,7,2,4,2,0,7,0,20,1,19,2,6,5,15,5,14,5,7,7,4,2,0,9,3,3,15,0,2,0,5,14,1,44,16,0,14,2,1,15,4,29,10,21,6,6,0,6,24,7,16,0,12,5,2,6,5,31,9,14,0,3
"2013-05","Bokeo",12,0,43,23,13,7,26,32,31,35,36,3,11,31,17,22,15,2,12,30,4,2,5,52,0,10,16,2,11,3,27,9,15,0,36,21,0,0,3,9,11,4,50,36,38,8,19,13,3,15,15,37,30,52,18,24,15,5,13,70,22,6,13,7,31,9,4,17,20,31,5,64,19,28,12,27,16,32,17,17,15,10,40,9,1,15,0,15,9,39,11,40,26,10,2,19,27,7,8,12,6,2,34,5,42,0,46,3,10,2,3,2,10,30,23,8,15,2,1,9,24,10,15,3,18,16,24,0,4,27,3,9,25,222,8,12,22,25,9,28,12,10,69,0,5,4,13,3,74,0,14,9,21,10,37,20,133,26,16,13,5,18,25,10,8,10,54,14,68,22,13,1,1,1,12,14,53,4,34,24,5,13,17,14,1,93,14,2,9,6,12,23,60,3,12,6,14,28,3,25,23,5,10,37,16,2,5,143,41,29,42,22,21,6,17,14,15,16,14,14,17,7,17,6,41,19,42,2,58,29,5,33,21,14,18,11,47,7,70,31,3,14,7,48,55,24,15,8,4,39,5,19,7,54,8,30,48,1,15,4,48,17,18,68,4,1,10,2,29,1,10,7,20,22,8,23,13,12,2,7,2,14,15,53,7,32,3,55,51,26,16,8,24,9,6,21,2,3,9,42,51,4,3,14,64,4,40,57,45,6,8,10,11,8,25,11,91,4,15,2,47,11,25,4,34,56,18,77,4,1,5,7,4,9,55,10,29,5,0,17,18,64,11,42,10,16,21,1,5,24,24,45,28,11,8,33,14,5,9,27,27,15,36,36,11,22,45,51,41,5,16,32,6,37,10,9,8,7,19,6,17,18,32,3,3,21,3,23,58,6,1,11,2,13,14,23,2,3,12,0,1,3,23,4,14,6,4,15,47,8,29,17,11,20,33,6,24,32,24,28,39,3,17,23,45,37,3,3,24,19,32,8,14,27,4,32,21,4,7,47,10,11,11,0,17,4,18,11,28,58,3,25,15,80,10,10,12,14,19,18,21,30,3,83,0,14,10,2,20,54,4,60,42,12,8,19,4,17,22,22,20,44,1,7,5,39,11,0,11,1,30,1,3,1,5,3,16,29,16,36,5,20,20,24,16,7,6,36,31,80,39,10,15,4,31,4,15,15,16,32,6,37,7,19,22,4,8,23,5,1,23,10,23,15,24,16,36,36,6,22,4,71,13,23,48,52,50,4,3,1,10,3,8,20,27,6,83,3,7,16,58,98,8,4,2,26,12,4,31,8,12,14,30,30,8,62,20,1,11,13,14,13,48,1,18,4,9,8,31,22,6,14,60,9,30,24,65,45,3,8,13,19,25,10,70,0,35,8,23,2,3,4,5,47,19,14,1,30,8,10,19,10,42,4,21,33,25,7,2,11,31,1,3,25,4,27,29,5,61,0,20,23,22,2,23,30,0,22,43,26,86,3,17,10,14,22,76,62,12,3,14,121,17,44,57,12,19,12,11,2,26,13,27,9,20,2,5,60,5,11,39,14,11,9,24,0,48,28,8,1,46,18,3,2,14,36,3,23,25,6,31,17,21,4,13,27,49,61,3,0,7,43,32,8,12,21,12,27,4,29,13,3,12,24,3,2,29,5,0,7,24,1,4,8,34,17,30,2,10,25,4,42,27,33,39,4,1,19,17,8,43,4,6,25,6,20,21,10,17,4,78,17,12,44,11,0,10,7,5,32,7,25,13,22,11,9,39,7,32,7,21,4,4,9,0,55,6,39,38,37,12,14,7,13,13,37,54,9,10,16,14,46,1,3,17,17,6,35,1,34,18,21,13,43,30,9,34,25,19,6,21,25,24,2,23,1,12,10,9,18,3,19,9,9,9,7,26,15,21,36,38,21,44,9,95,81,3,3,54,22,65,11,0,3,4,12,22,29,4,11,84,35,10,7,13,26,20,3,33,28,9,17,0,16,11,43,17,72,15,8,22,0,7,31,87,12,25,9,2,7,35,41,10,32,2,2,6,19,21,25,5,14,8,34,2,2,37,7,7,5,0,16,12,8,3,0,17,17,5,1,12,18,32,0,10,21,9,75,36,26,1,0,21,34,4,11,15,19,28,37,4,10,31,40,11,8,1,12,25,0,22,2,25,24,51,5,21,24,29,26,9,45,6,8,39,4,16,31,9,29,4,63,37,26,104,27,6,1,78,38,2,2,3,44,36,16,117,6,9,5,23,1,8,20,10,7,71,11,0,17
"2013-06","Bokeo",35,113,45,47,39,24,55,69,42,53,27,89,0,19,26,21,10,33,87,51,17,17,248,35,44,58,10,82,30,8,126,12,33,14,52,48,7,14,37,36,131,78,12,9,19,12,41,81,4,26,100,40,25,12,40,31,91,40,22,91,100,19,33,81,11,41,16,18,106,3,15,2,77,13,27,140,3,27,7,13,62,134,74,20,4,35,10,25,4,31,49,43,111,26,68,10,55,65,71,10,7,61,23,39,86,40,132,28,19,33,33,53,17,31,82,6,16,39,2,50,49,40,83,8,164,33,2,22,33,9,15,36,3,85,32,21,24,79,47,33,62,158,10,69,222,72,12,32,229,16,26,8,23,118,76,38,13,6,9,24,53,115,49,4,96,9,40,8,93,28,48,31,5,30,17,29,223,15,43,26,26,141,16,12,17,33,129,8,15,10,7,9,6,16,44,22,33,128,49,35,69,35,18,48,12,74,17,1,4,9,148,11,87,7,17,6,86,10,140,67,55,5,32,47,2,18,121,19,87,57,72,82,33,6,45,68,7,62,4,52,57,21,24,11,42,181,28,9,1,56,20,39,19,46,45,26,9,9,64,29,73,53,115,87,42,85,41,57,12,44,14,4,3,50,15,86,47,62,22,11,24,35,3,78,51,23,53,242,62,100,93,29,8,62,26,57,12,11,42,80,47,17,16,32,66,211,24,7,9,19,64,42,18,177,45,9,35,72,62,55,5,43,171,20,34,59,97,124,2,92,51,126,0,19,8,46,113,26,33,53,128,129,19,131,35,55,174,43,4,82,6,4,42,15,122,8,45,16,19,34,89,38,81,1,52,72,36,61,101,9,63,36,25,27,18,48,96,30,13,20,22,49,109,15,50,1,7,125,23,193,10,20,26,15,28,71,120,47,15,13,76,18,67,16,64,4,31,16,53,50,96,11,25,98,100,11,30,5,72,79,61,14,18,46,102,33,194,34,19,31,33,20,16,46,35,22,57,52,14,25,15,32,55,44,65,28,151,105,12,27,21,70,11,76,4,22,31,66,68,33,8,107,32,42,44,10,24,41,5,14,12,29,30,6,31,13,132,101,69,3,118,92,14,5,55,30,65,5,3,48,47,19,22,13,38,20,15,65,5,183,44,6,82,64,20,28,15,5,151,56,27,58,19,52,11,227,15,30,64,35,37,27,33,1,18,22,58,33,108,21,20,58,18,65,102,57,67,13,21,17,9,5,5,127,44,9,18,210,21,151,2,28,19,24,10,16,96,70,37,8,36,44,8,6,13,37,51,113,91,39,25,4,6,28,13,29,29,132,80,31,70,41,59,31,6,20,37,20,17,85,31,78,65,42,11,26,39,112,8,34,47,34,23,2,163,1,37,22,30,56,41,19,68,89,15,18,51,21,55,67,61,38,16,75,35,67,31,17,65,42,22,20,11,42,217,26,29,8,15,111,43,34,16,23,35,21,31,40,245,25,131,14,80,20,107,5,40,29,53,16,16,54,34,87,28,68,23,40,5,79,28,19,70,5,74,18,51,10,33,122,129,50,32,3,95,46,106,12,89,45,28,125,27,54,43,6,42,50,37,27,83,187,42,32,20,20,30,3,39,67,26,8,23,28,29,33,11,9,8,45,21,27,92,24,10,15,10,24,5,4,53,23,21,171,4,15,18,61,37,26,5,40,80,254,0,4,16,136,42,62,100,55,141,200,25,24,3,37,14,54,23,50,6,14,15,17,146,59,8,3,69,50,32,10,7,7,4,2,63,17,18,32,141,22,9,37,96,45,61,92,54,109,65,14,14,25,18,80,66,14,71,131,199,5,104,49,55,65,22,7,73,89,49,26,55,13,3,59,9,43,21,17,4,27,27,66,46,72,47,25,21,14,1,24,17,37,229,28,46,35,35,16,8,68,71,45,47,51,94,0,12,63,15,10,12,20,47,36,43,22,62,18,6,24,34,22,70,70,75,27,9,98,3,31,33,68,183,60,83,78,40,43,31,34,216,63,26,13,67,57,21,81,12,8,98,35,15,109,16,24,12,15,56,67,55,27,3,10,30,50,91,22,1,13,194,105,42,142,139,12,3,29,82,66,121,67,50,84,34,9,14,130,100,22,34,66,8,35,70,36,15,13,30,10,24,44,27,29,18,94,75,25,8,48,4,27,92,64,100,3,41,266,0,23,10,12,0,6,28,40,6,136,39,119,64,51,35,14,17,51,32,63,28,37,31,41,103,98,65,45,72,31,42,64,22,7,23,90,71,6
"2013-04","Champasak",7,193,4,182,55,208,87,256,5,73,42,53,249,10,6,198,3,99,53,159,55,154,66,54,6,61,112,76,133,174,104,166,197,73,154,33,96,178,129,191,34,220,38,97,18,76,58,70,17,21,106,60,255,117,219,82,108,54,26,46,95,57,196,55,164,37,265,45,180,78,96,273,186,61,12,44,58,50,58,566,20,12,6,271,457,115,353,94,87,86,70,93,156,677,42,143,89,76,11,96,26,212,10,89,316,151,42,78,19,127,110,141,84,377,363,23,75,49,191,23,213,171,176,71,20,30,7,39,18,145,103,108,89,25,23,82,23,155,122,126,62,27,265,34,170,137,162,53,164,20,99,437,70,86,46,33,19,167,86,95,37,7,156,105,9,64,1,166,5,168,105,11,69,79,87,99,8,50,233,15,72,67,55,94,131,44,27,219,65,18,67,186,19,68,140,97,61,137,42,66,64,23,33,63,5,189,15,238,53,287,84,20,36,98,232,71,94,53,76,141,29,76,35,54,12,101,72,90,95,60,12,490,358,12,248,81,22,5,13,176,13,36,59,39,56,223,196,35,113,41,38,105,33,39,47,183,44,495,32,134,109,53,29,44,49,136,104,85,36,96,46,173,33,65,58,81,87,37,147,23,41,48,203,99,101,16,67,155,144,52,211,119,343,10,240,11,130,115,105,24,31,142,40,78,111,72,83,174,18,42,97,28,796,98,62,10,94,330,236,77,53,114,45,4,16,77,81,243,81,49,113,23,73,140,143,131,13,17,29,37,94,63,38,8,78,71,53,25,276,204,50,186,67,143,26,16,20,128,44,100,21,439,21,4,72,193,384,282,18,139,54,101,82,192,267,48,404,46,169,19,59,32,64,21,128,208,24,102,17,76,209,338,113,121,58,17,59,611,5,67,237,240,6,254,55,17,103,171,193,57,150,71,0,52,51,150,222,173,78,73,175,32,98,437,67,74,11,59,20,22,79,54,92,67,148,14,60,80,33,152,33,152,313,32,9,23,45,301,57,72,58,146,4,116,143,80,73,9,76,66,177,116,124,27,293,145,83,17,10,192,57,92,50,83,39,213,32,323,74,151,120,51,70,125,202,62,11,44,73,77,299,156,111,93,140,3,15,146,80,111,89,186,74,90,309,66,72,188,39,57,103,4,89,103,29,271,209,501,267,216,116,58,39,181,86,36,50,115,13,334,45,57,115,93,191,44,44,28,69,27,159,33,40,64,64,218,142,17,87,633,65,47,4,75,9,111,73,75,21,158,131,114,65,179,147,70,258,185,11,23,373,478,56,305,340,34,70,70,243,202,20,29,18,66,16,43,182,195,19,27,46,10,134,33,22,98,86,21,115,15,33,314,391,202,336,225,12,2,30,32,177,16,38,18,97,50,79,38,197,27,182,28,72,94,9,21,165,84,1,9,278,218,46,52,239,37,138,11,227,45,104,216,23,122,33,51,76,14,216,63,425,15,172,17,3,166,126,49,70,70,44,126,138,78,55,29,31,46,51,49,53,140,482,312,158,118,84,143,13,66,63,35,360,76,93,92,62,74,117,78,110,144,80,44,120,43,35,329,566,259,47,12,223,29,64,47,61,76,55,70,36,137,77,58,278,126,430,55,225,100,38,129,31,172,51,415,104,133,228,68,64,12,243,37,103,160,102,13,57,17,202,58,60,21,177,87,78,172,222,148,94,95,25,17,80,201,50,200,8,271,400,28,29,95,3,33,12,220,29,180,21,68,76,155,10,64,85,104,57,37,256,329,94,87,57,94,54,43,48,17,77,110,13,43,82,103,72,13,84,47,88,27,31,29,140,54,3,42,176,30,112,67,172,77,40,2,217,177,96,44,65,78,12,38,30,71,2,94,110,12,62,348,9,19,50,174,684,199,31,47,31,241,104,27,75,130,148,25,70,13,20,217,83,288,0,426,201,34,28,73,166,48,69,18,130,313,18,128,44,10,44,246,72,66,104,58,27,111,239,7,455,46,84,93,31,132,46,80,133,234,83,33,13,39,37,2,32,55,17,55,181,21,107,125,57,24,17,86,152,44,65,36,27,112,40,180,40,85,291,31,6,86,7,97,138,62,189,49,130,359,28,399,113,186,118,41,210,33,83,31,186,38,210,82,45,179,139,40,114,280,115,262,4,64,38,57,62,72,58,166,112,55,69,274,41,153,56,60,32,64,51,236,181,133,75,75,92,41,101,129,101,115,67,8,205,182,156,181,41,42,63,41,40,59,51,206,52,16,57,114
"2013-05","Champasak",384,93,1161,70,252,237,28,137,128,354,166,975,357,83,320,15,100,124,21,323,384,179,125,81,251,167,175,60,120,155,358,595,33,20,698,182,206,225,30,89,489,147,161,602,239,94,385,22,63,192,112,19,2,224,55,64,148,282,450,435,523,547,281,106,354,15,556,39,191,748,104,133,19,389,101,47,58,337,51,1668,338,104,274,323,150,334,49,58,175,711,251,243,60,112,84,260,162,110,25,1047,491,198,154,160,28,348,175,59,169,61,113,92,596,28,98,80,23,185,246,44,288,105,302,33,153,512,133,386,39,32,130,331,304,49,146,398,31,310,77,233,43,1910,598,29,264,232,227,18,568,127,51,93,12,206,457,240,119,570,59,99,99,11,117,157,17,335,80,247,12,87,497,99,151,425,154,367,27,38,506,116,287,85,388,357,332,251,29,36,162,421,249,148,125,259,257,91,188,128,212,108,90,321,409,18,81,450,80,569,265,76,58,269,161,75,87,502,33,39,495,101,179,290,117,23,72,90,87,458,589,115,10,35,138,423,391,108,45,286,53,273,13,324,288,743,41,38,1203,802,368,51,131,306,41,108,60,200,63,110,339,335,50,29,109,84,157,146,244,795,97,127,27,43,235,145,121,209,212,306,4,177,15,351,34,90,85,175,504,166,155,64,186,473,95,164,212,31,175,142,78,350,413,156,29,132,128,608,144,225,83,44,684,287,435,434,560,23,140,39,60,425,475,46,31,30,219,347,352,453,44,499,145,34,77,2294,36,93,108,71,287,80,201,523,355,102,329,77,415,36,735,425,163,152,63,99,82,23,111,141,210,270,121,163,72,1229,420,150,222,30,100,59,101,397,9,209,252,255,463,405,441,1164,37,316,41,52,170,111,3,178,286,611,456,179,443,59,294,518,185,78,23,203,90,167,102,346,25,222,480,305,112,144,385,483,48,9,236,194,71,227,170,12,171,348,119,297,14,191,187,98,24,198,127,263,221,69,38,29,54,41,171,217,167,54,234,133,65,434,55,75,35,34,435,80,491,110,221,218,39,251,483,323,89,134,54,295,965,80,127,146,368,368,815,289,56,277,144,330,262,983,1147,36,49,429,555,550,510,182,57,191,9,52,404,201,203,270,169,34,81,71,124,323,194,874,110,477,84,80,1069,854,63,95,109,117,240,714,7,31,129,246,313,878,83,92,110,47,342,67,253,202,237,225,314,203,69,83,29,247,162,104,28,109,10,75,41,50,45,183,118,79,0,490,60,560,76,574,109,150,89,258,159,77,209,476,520,251,239,46,290,168,253,425,112,29,143,256,511,287,304,524,283,176,196,221,280,119,54,246,154,161,271,295,114,30,277,6,145,840,156,704,65,523,271,125,567,507,702,205,75,351,161,187,81,139,24,125,86,388,239,128,294,2,1138,26,26,202,226,115,348,422,134,492,194,16,123,228,140,395,365,34,159,250,208,804,158,237,5,51,22,228,66,258,363,578,212,122,459,437,153,173,211,82,16,178,424,117,393,133,237,52,145,266,77,471,44,561,60,204,32,70,374,214,1,362,561,149,619,224,19,619,419,134,52,273,147,21,287,160,57,418,572,1079,145,143,553,411,567,831,47,125,37,558,161,193,121,319,657,264,476,90,131,275,137,330,177,351,60,666,537,91,322,73,78,61,0,80,64,18,566,41,340,213,296,164,202,279,97,32,185,96,148,246,445,98,33,452,115,278,97,153,101,158,117,716,62,388,52,145,217,193,415,836,109,247,405,424,28,158,448,63,133,226,94,1609,152,43,188,115,245,157,143,164,304,500,72,99,324,91,107,198,220,57,361,443,186,12,151,227,43,24,364,375,84,260,560,211,238,23,71,226,119,119,546,194,47,36,45,206,143,118,257,75,419,374,54,561,63,30,123,658,525,739,64,160,256,214,55,424,113,118,383,246,396,294,279,729,50,130,99,26,32,506,420,328,561,151,252,385,82,272,28,117,57,37,147,190,22,236,276,74,416,388,103,74,158,63,25,50,186,78,163,575,301,277,13,283,257,9,262,214,328,175,311,24,235,247,196,38,70,273,246,297,785,2,62,151,50,320,65,191,188,428,296,231,100,36,118,199,155,143,18,311,150,290,254,383,43,186,8,99,153,223,47,439,422,621,473,143,483,204,100,246,228,71,21,33,392,31,223,212,19,651,485,481,833,717,14,31,34,363,63,52,169,250,261,46,15,19,61,170,232,54,243,195,70,401,259,132,378,139,796,30,939,27,103,324,126,379,50,112,95,91
"2013-06","Champasak",969,425,457,42,753,374,441,918,272,721,223,146,421,177,192,1449,922,304,558,337,141,176,188,212,953,306,209,83,596,2668,1574,1653,229,103,1025,87,297,815,116,249,2011,1243,217,626,60,558,128,69,612,519,13,479,603,162,773,15,151,486,859,275,397,477,1414,597,302,77,792,260,130,50,180,14,265,286,608,94,58,1068,79,1689,100,818,491,357,818,463,23,246,920,584,811,80,659,145,377,3224,493,422,684,221,696,406,184,416,452,51,547,301,239,1361,743,916,322,1674,1243,339,217,322,31,477,177,116,497,379,603,4,195,124,35,314,901,350,558,74,602,684,305,216,244,485,598,315,1569,158,79,707,379,134,536,292,134,561,200,83,93,306,848,553,41,162,391,614,688,299,325,192,1022,546,77,264,452,21,99,43,188,194,211,355,386,242,2557,144,388,549,910,59,222,1109,63,568,459,28,348,358,336,1222,261,615,554,490,810,198,457,45,509,170,275,486,427,329,884,78,823,131,389,120,85,68,1027,727,21,559,23,394,31,353,704,468,773,264,397,57,1311,482,238,532,82,372,1329,1306,538,407,173,1042,117,116,630,370,1282,201,54,529,49,1054,237,537,627,1403,65,515,848,402,918,481,85,174,713,1028,225,170,176,86,325,308,120,172,600,858,543,370,253,254,842,296,75,49,533,606,216,268,87,306,121,336,1592,151,245,300,398,405,259,256,163,179,403,123,172,211,985,144,177,411,2507,949,291,872,522,345,81,60,1491,72,389,564,757,563,34,1300,56,1350,879,510,224,1342,868,862,620,790,205,443,43,1626,405,405,1487,242,217,522,561,1612,258,460,87,134,291,243,112,258,148,50,55,226,258,573,677,114,426,384,146,120,954,274,213,2262,416,360,362,122,928,259,134,89,1599,47,65,325,261,924,192,521,180,160,746,481,359,349,44,330,21,204,210,323,517,718,875,526,700,680,74,263,361,832,56,54,48,794,435,720,241,157,1202,51,364,118,1172,206,480,451,403,163,473,816,391,153,29,127,127,702,184,433,428,140,211,82,1645,566,376,153,139,610,37,63,116,26,518,515,259,417,71,534,172,328,188,485,60,354,98,324,690,1691,624,421,318,2186,278,111,203,1993,1108,954,521,908,1188,51,799,167,827,1117,42,159,821,567,483,1628,1261,211,127,284,599,378,763,1007,715,494,218,241,597,1024,85,324,849,707,1364,986,1051,510,362,2978,414,1437,270,868,1036,179,236,123,1362,468,65,1654,419,252,644,1064,99,337,670,296,548,276,1067,59,108,900,231,571,288,76,424,388,309,703,178,252,872,288,239,636,394,30,88,106,1486,630,825,411,274,346,313,865,311,93,903,1462,116,58,21,488,1162,170,195,790,308,335,543,492,280,108,598,387,414,193,541,160,43,606,77,222,834,131,1559,1077,197,51,425,1069,871,77,774,983,113,293,236,202,449,455,836,46,603,303,1449,380,1011,140,118,655,730,286,139,818,839,402,583,271,519,376,629,1358,297,139,499,1876,465,272,892,892,54,74,73,726,359,733,764,134,193,325,904,195,241,613,432,1771,339,362,677,230,135,976,145,142,71,164,810,1311,643,1327,172,117,106,511,176,433,22,339,349,489,148,19,75,376,86,147,415,150,2098,71,538,469,1978,977,873,270,1256,513,176,2893,127,956,76,514,1126,923,395,42,381,1256,169,566,744,180,359,305,850,954,442,1955,268,705,409,130,439,38,523,316,426,268,745,1149,315,1175,177,657,980,587,342,504,911,368,961,1139,1377,435,2398,274,755,876,564,605,225,164,823,96,285,104,713,257,407,905,443,559,295,1111,729,35,174,133,221,103,1420,334,223,2859,1181,613,436,487,345,317,571,1296,179,37,895,229,537,330,509,203,383,888,1212,139,381,1662,667,536,172,467,129,538,264,140,2348,181,535,152,86,484,29,200,690,453,130,131,105,644,235,1724,143,180,386,22,280,463,532,995,74,435,761,998,117,782,1178,278,225,54,251,706,804,605,4447,225,821,87,363,448,724,15,88,1084,986,626,559,195,173,768,239,815,39,1408,377,327,77,185,407,246,377,177,1304,248,1165,200,47,604,211,600,406,145,231,451,58,308,412,152,88,211,102,89,132,141,1810,769,255,469,210,327,325,87,28,49,548,877,975,296,289,420,111,305,38,790,602,189,49,281,353,335,47,495,396,562,102,1542,349,961,709,356,181,153,1296,632,251,1110,879,1333,1257,150,545,269,589,29,1077,241,459,233,86,779,1070,272,297,170,79,837,812,1106,79,50,336,1081,183,35,1212,387,62,773,113,134,74,332,60,312,180,106,327,851,1601,322,274,443,730,81,492,814,28,458,832,362,27,277,251,432
"2013-04","LouangNamtha",3,0,0,0,0,0,0,5,0,2,1,1,0,3,0,1,1,0,2,1,1,4,0,1,0,5,4,0,1,3,3,1,1,2,1,1,0,2,0,3,2,0,0,0,0,0,1,4,2,0,1,0,0,1,4,0,0,5,6,1,4,0,1,0,1,0,1,1,0,3,0,1,0,2,0,12,1,1,3,0,2,1,2,1,0,1,0,4,0,3,1,0,0,1,1,9,0,0,4,1,7,1,2,0,2,0,2,0,1,0,2,2,1,0,1,0,0,1,0,2,3,1,1,0,1,1,0,0,1,0,0,1,1,3,3,3,0,0,5,1,0,0,2,0,0,0,0,3,1,2,1,0,3,1,5,0,2,3,2,0,2,0,0,0,0,3,0,3,0,1,4,0,1,1,0,0,0,0,0,0,0,0,0,0,0,3,3,1,0,1,4,4,0,0,1,0,0,0,5,0,1,0,2,0,3,1,0,1,0,0,2,2,1,5,0,0,1,0,2,1,0,2,1,0,2,2,0,2,0,0,0,0,0,0,4,0,1,2,0,0,2,1,0,3,0,3,0,2,1,3,1,0,0,0,0,2,1,0,0,1,4,1,0,0,1,1,0,3,0,3,1,1,1,1,0,0,0,0,1,0,1,1,0,2,1,0,2,0,1,0,0,0,5,1,0,9,4,0,2,2,1,1,0,1,3,0,1,0,1,0,1,0,0,0,0,0,0,3,0,0,0,0,0,0,1,0,1,0,0,0,4,0,1,0,2,0,0,0,1,1,0,0,1,0,1,1,1,0,0,0,0,1,0,0,0,1,1,0,0,1,0,1,0,1,1,0,0,1,5,5,3,2,1,0,0,6,1,1,2,1,6,0,0,2,2,0,1,0,3,2,0,0,1,0,0,0,2,1,0,0,0,2,1,2,8,0,0,12,0,2,2,3,0,0,1,3,2,0,0,0,0,0,1,0,0,2,2,0,0,3,0,2,1,1,3,0,2,0,1,3,0,2,0,2,1,0,0,1,0,0,0,4,0,11,1,2,3,0,1,2,0,1,0,2,1,0,0,0,2,1,2,2,0,0,3,1,0,3,0,1,1,2,0,3,0,0,0,1,2,0,4,2,0,0,0,1,2,15,3,0,0,1,0,0,5,1,1,1,0,2,0,0,1,0,0,1,0,0,1,0,0,2,4,0,0,2,4,1,4,2,3,1,2,0,0,1,0,0,0,2,1,0,1,0,1,0,2,0,1,0,2,1,1,1,0,5,0,1,0,1,2,0,0,1,2,2,1,2,1,0,2,0,1,3,5,2,0,3,0,0,0,2,0,2,0,0,1,0,1,3,0,0,0,0,1,1,2,1,2,0,2,0,1,1,0,1,1,3,1,1,0,0,3,2,2,0,2,1,1,0,0,4,1,9,2,0,4,0,1,1,3,1,2,0,0,2,1,4,0,0,1,1,0,0,0,1,0,0,2,0,6,0,0,1,1,0,0,0,2,0,0,0,3,0,1,0,0,0,1,1,1,6,1,1,0,1,2,2,0,2,1,3,0,0,2,2,0,1,2,1,0,1,0,0,0,1,0,0,0,1,1,0,1,0,2,0,0,3,0,3,2,0,2,1,1,1,1,2,0,0,0,0,0,0,0,2,1,3,1,6,0,0,1,0,0,1,1,3,0,0,0,1,0,1,0,0,2,1,0,0,1,1,0,0,1,0,0,1,0,0,0,1,0,0,1,2,1,1,1,1,1,0,2,4,0,1,0,0,1,1,0,2,0,1,0,0,1,0,0,0,0,1,1,0,1,0,2,0,3,0,1,1,0,0,1,1,0,5,0,0,0,1,3,0,0,0,0,4,0,6,3,1,4,1,0,1,1,0,6,5,0,0,0,1,0,1,21,0,0,1,0,0,0,1,1,0,9,1,0,1,2,0,1,1,0,0,0,0,1,0,1,1,3,0,0,0,0,1,0,0,2,0,0,1,1,0,2,0,1,1,2,1,1,3,0,8,0,1,0,0,0,1,0,6,1,1,3,1,0,1,3,1,5,2,0,1,2,0,3,3,0,0,1,1,3,4,2,0,3,2,0,4,1,1,4,2,3,3,0,0,1,0,1,1,0,0,1,2,1,0,6,0,0,0,0,2,3,0,4,1,0,1,0,0,2,2,1,0,0,1,0,0,3,0,0,0,0,1,2,1,0,0,2,3,2,6,0,0,0,0,1,1,0,2,0,2,1,0,0,3,0,0,0,1,0,3,3,1,0,0
"2013-05","LouangNamtha",3,10,2,1,5,1,0,0,2,6,1,1,0,2,1,0,3,4,1,2,3,3,2,2,0,1,5,4,1,2,1,1,2,1,2,1,4,0,1,2,1,3,0,0,0,0,3,1,4,16,0,3,0,0,9,0,0,4,6,3,0,6,6,3,3,0,0,3,1,4,7,8,5,0,2,7,0,1,1,7,2,0,2,3,8,0,0,8,12,5,0,0,8,4,0,3,0,5,10,1,5,1,2,0,0,2,0,0,0,0,1,2,4,2,5,2,2,1,1,10,2,0,1,0,4,4,4,1,5,0,2,8,0,3,6,8,0,7,3,3,0,7,4,0,1,0,1,3,2,7,2,7,5,3,3,0,2,3,1,0,3,2,0,0,2,1,0,4,0,7,0,0,3,1,0,1,4,0,2,0,5,0,1,3,0,2,4,1,2,0,16,4,4,2,4,7,0,3,5,0,0,1,1,12,0,0,0,3,2,5,0,1,2,3,4,2,7,7,5,1,5,1,1,5,2,5,2,5,2,7,0,1,1,2,3,0,2,0,1,5,5,0,4,1,2,4,1,1,1,0,1,1,9,0,0,1,3,2,2,5,9,3,3,0,4,0,0,4,19,6,2,6,1,1,1,6,3,3,0,5,2,5,2,0,6,0,2,0,0,5,5,1,1,4,1,6,0,0,10,6,3,3,0,1,2,7,4,1,2,0,18,4,1,2,1,0,0,0,2,11,11,0,2,2,3,0,13,0,1,3,2,5,4,2,0,1,0,3,1,0,0,8,1,2,0,7,2,0,12,1,3,0,3,3,7,8,5,2,0,1,2,0,2,23,2,2,2,1,14,1,0,1,3,1,2,3,1,8,2,0,3,4,3,4,7,2,3,1,6,5,3,5,0,1,0,6,19,6,0,1,1,0,1,3,2,2,0,6,5,5,0,3,1,1,1,13,2,1,2,0,1,0,1,1,0,2,1,0,6,0,6,5,1,1,2,3,1,4,4,2,2,1,1,0,7,2,1,4,4,3,1,2,3,10,0,3,0,0,10,0,0,1,2,0,1,6,2,3,0,0,2,8,1,1,0,2,3,14,1,0,1,3,1,3,4,1,3,2,0,1,19,3,0,0,4,3,0,18,0,0,3,3,2,4,2,2,3,1,0,7,6,2,4,0,3,0,0,5,1,0,0,2,0,11,2,4,17,1,9,4,12,0,5,3,1,1,2,2,2,1,8,2,0,2,1,4,0,3,2,5,0,0,4,0,1,2,2,1,7,2,6,1,0,2,2,1,2,0,0,11,9,0,0,9,4,2,1,1,11,2,0,2,1,4,6,2,6,3,1,0,1,2,1,0,6,1,0,16,2,6,1,1,2,4,0,2,2,0,2,1,0,2,2,7,5,1,4,7,2,0,0,7,3,0,0,1,9,0,5,0,3,4,1,8,4,0,4,7,0,0,5,9,0,1,0,2,0,1,1,6,0,0,1,1,0,0,6,0,3,3,0,8,3,1,2,1,2,5,2,6,3,2,0,0,2,4,9,1,1,2,5,0,4,8,2,3,0,0,4,1,2,1,3,4,0,1,1,2,0,10,1,3,1,0,1,2,5,8,0,11,2,2,3,2,4,2,5,1,9,0,2,0,6,6,8,12,5,7,3,4,1,0,3,1,2,1,0,1,2,1,0,5,6,1,0,0,4,4,5,1,0,4,3,1,2,0,2,2,2,1,0,0,0,1,6,0,1,0,2,3,1,2,0,2,2,0,1,9,0,1,1,4,2,2,3,0,0,0,1,6,32,3,1,2,2,2,2,3,1,3,1,0,6,2,0,6,2,3,1,0,1,3,1,0,3,0,0,1,1,4,1,4,2,7,1,0,7,1,1,13,0,6,2,6,0,2,17,7,1,0,0,1,1,1,1,0,5,6,2,3,9,1,1,5,4,0,2,2,1,0,3,2,1,0,2,1,3,0,2,4,0,0,0,0,6,0,0,1,0,2,0,0,6,2,1,0,0,2,4,3,1,16,1,1,11,0,0,1,3,0,3,1,12,3,3,8,2,3,7,3,1,2,1,5,1,12,0,2,6,1,5,0,0,1,7,3,1,13,0,0,3,0,0,0,3,2,4,0,4,0,3,1,0,1,2,0,4,3,1,4,3,4,7,1,3,3,0,0,0,2,1,3,1,0,1,2,4,4,0,5,0,5,8,5,0,0,4,0,4,1,1,0,2,0,1,3,0,1,2,4,2,2,3,2,0,25,0,1,3,1
"2013-06","LouangNamtha",18,0,2,2,9,1,2,9,3,2,4,0,6,6,5,9,4,5,1,2,7,2,5,2,2,0,2,4,5,4,16,2,1,7,7,3,2,17,0,0,5,3,0,7,16,2,2,1,4,12,2,1,3,2,0,5,9,17,1,5,23,2,8,6,8,6,1,18,2,0,23,2,0,7,2,2,5,7,4,6,3,3,5,3,10,7,6,7,10,7,10,2,0,8,21,0,5,0,27,2,34,4,2,3,2,9,2,0,2,10,8,15,1,0,4,1,1,6,3,13,5,3,2,3,2,0,1,11,2,1,0,9,14,7,16,14,8,1,26,6,6,1,52,3,2,6,19,3,13,2,11,3,8,3,7,2,20,2,2,12,0,7,4,2,1,15,0,1,3,0,13,5,17,3,8,1,20,0,8,9,4,18,3,2,5,13,10,3,12,3,0,1,13,7,1,7,1,9,2,3,1,6,10,13,2,0,0,1,4,6,1,10,1,6,11,3,6,1,6,1,15,3,3,2,4,0,1,10,8,0,0,4,0,7,23,3,10,4,9,1,1,14,8,20,6,1,14,27,6,1,9,4,8,12,26,70,2,1,3,12,13,9,3,0,1,1,8,12,3,11,7,2,0,0,0,15,0,0,2,10,11,2,1,2,3,6,0,8,2,0,1,1,1,2,4,0,1,3,3,5,1,2,2,8,4,6,1,14,1,0,13,0,12,7,1,16,3,3,1,0,7,3,3,4,2,3,3,16,4,1,2,9,7,3,1,4,5,6,1,0,4,10,3,12,2,5,10,2,4,4,12,5,4,0,6,9,10,17,5,9,2,1,8,11,13,4,5,4,15,4,2,3,2,5,26,6,3,3,15,3,14,5,6,11,2,3,11,0,4,8,21,1,4,7,2,3,16,2,0,0,1,0,2,15,30,3,7,13,1,0,4,9,8,3,6,4,5,0,5,5,9,7,0,5,3,3,4,0,1,0,17,8,8,19,1,4,8,6,4,3,13,5,0,1,9,3,3,4,1,5,2,0,8,21,0,2,4,6,16,8,8,7,9,1,0,0,2,11,12,3,10,1,11,3,6,1,12,8,6,3,3,5,0,27,3,5,9,12,3,0,49,1,6,7,1,2,0,1,5,0,0,5,1,12,2,6,5,2,6,5,4,2,3,0,0,0,2,5,14,7,1,0,11,12,0,6,11,1,12,15,6,10,11,20,3,3,4,1,2,3,25,6,18,2,2,3,6,0,11,0,9,0,0,1,0,3,6,4,3,18,9,1,4,2,6,1,0,12,1,5,28,13,5,8,19,9,3,8,32,4,0,2,2,2,5,7,15,5,2,5,2,1,10,4,2,13,2,7,7,16,4,3,0,0,2,4,9,0,1,2,2,4,11,1,6,3,14,4,4,4,4,5,2,3,8,5,3,6,1,5,2,0,1,3,1,2,8,6,4,4,8,1,1,1,0,0,3,1,2,20,7,3,2,5,9,9,5,22,3,0,5,18,16,2,4,15,0,19,3,2,2,2,2,5,0,7,4,1,4,2,2,3,5,1,3,2,3,9,5,3,5,1,6,8,0,1,2,10,0,3,0,3,4,4,5,0,4,11,7,6,8,5,1,44,1,6,5,2,1,2,1,12,1,5,1,2,3,4,1,11,4,3,5,5,2,3,4,19,2,5,11,1,2,9,0,4,2,0,3,5,1,2,2,2,10,2,1,17,0,0,3,1,0,0,9,6,9,2,4,2,13,5,2,1,28,4,1,47,0,0,2,10,2,4,4,2,6,5,0,6,11,7,2,0,7,2,0,1,2,8,1,7,12,4,5,2,13,5,4,14,5,13,10,1,14,0,7,3,0,3,0,3,18,0,3,3,12,1,3,13,0,5,1,7,12,11,19,10,6,3,2,4,4,4,2,1,17,6,20,2,1,10,1,5,10,6,4,2,1,3,2,3,6,0,0,1,5,4,1,1,2,4,1,8,9,2,3,1,7,3,12,2,20,3,0,2,0,1,0,6,3,18,9,15,0,2,0,2,5,13,3,0,9,3,1,18,2,0,5,1,7,3,5,7,2,3,3,4,8,14,5,2,0,5,11,1,29,17,0,1,1,1,1,14,6,2,2,0,2,8,9,8,9,5,6,1,9,2,0,10,3,2,22,1,3,5,2,3,17,5,0,31,1,2,0,0,7,5,1,0,1,3,37,12,3,0,14,2,2,0,4,0,1,0,16,8,13,2,1,3,3,6,1,0,15,11,3,2,5,3
"2013-04","Oudomxai",9,2,1,8,5,7,9,7,4,4,5,1,5,16,2,2,7,4,2,5,8,12,40,3,2,3,3,4,7,12,33,8,4,29,10,12,0,7,2,13,6,8,37,1,4,34,5,1,10,32,4,0,9,7,16,4,14,15,0,6,1,8,1,7,11,11,11,7,9,3,8,1,1,1,9,1,36,4,3,15,3,1,11,5,6,19,1,9,0,5,3,1,9,6,1,1,5,16,3,1,18,3,18,9,3,0,10,6,5,9,1,0,41,1,14,3,3,8,0,11,3,3,13,1,10,4,1,5,0,1,0,2,1,7,9,15,16,13,3,6,1,22,3,16,5,4,3,0,10,5,10,21,0,2,11,16,3,1,23,7,2,0,5,5,2,13,0,0,1,4,17,2,0,4,4,3,0,2,3,28,1,7,9,7,8,0,14,4,4,15,0,3,3,0,10,6,3,4,1,1,3,2,1,0,3,4,3,4,4,6,4,0,2,1,5,1,14,2,6,12,1,3,1,3,3,1,6,6,2,4,2,4,5,2,12,23,9,1,18,3,7,6,3,7,15,8,6,5,3,1,5,7,18,5,6,20,5,8,10,1,1,7,1,6,16,14,7,17,8,2,39,0,14,2,1,11,0,1,1,15,1,20,0,22,4,0,0,10,11,7,11,11,17,1,4,25,2,6,4,14,8,23,5,2,10,17,10,17,11,3,1,1,4,16,1,22,19,3,5,1,0,2,19,0,1,7,5,9,10,1,13,2,14,7,7,2,7,6,20,6,6,4,4,7,5,0,6,5,3,4,5,9,5,14,5,0,1,1,7,9,6,8,2,10,6,5,3,26,6,0,5,6,18,1,16,0,2,5,3,7,6,13,2,2,0,1,4,37,0,9,2,19,0,0,47,3,2,2,1,0,31,5,1,4,3,9,3,13,0,8,18,4,2,1,9,6,13,3,2,5,2,3,9,3,2,2,5,4,0,3,16,2,2,35,1,0,0,3,0,6,8,25,4,2,8,4,1,5,0,27,4,3,2,4,11,5,8,7,2,41,6,7,10,3,12,3,0,14,1,9,4,3,35,15,9,13,1,4,0,6,6,5,3,8,18,0,10,1,1,11,0,6,8,7,14,3,8,3,2,0,16,2,2,0,14,0,7,3,2,6,18,16,9,2,6,4,4,1,2,2,6,0,1,7,7,7,10,2,6,4,3,2,7,9,14,4,2,2,8,13,8,12,3,4,7,4,16,7,11,1,1,2,15,9,1,26,20,0,4,5,11,7,20,5,5,1,40,10,2,6,34,0,5,1,0,5,1,2,5,5,8,1,4,1,17,4,6,2,6,2,6,19,2,1,3,2,2,12,7,10,15,8,1,3,9,22,11,12,4,28,12,6,18,18,9,5,15,6,10,27,0,1,1,8,6,2,10,5,23,11,6,12,18,3,1,0,6,7,2,7,4,5,47,2,1,1,36,16,4,5,10,17,7,11,8,2,0,13,4,22,0,24,21,3,10,9,0,7,19,2,11,3,3,1,6,2,1,11,1,4,1,1,14,1,1,2,1,13,34,3,1,12,2,8,15,4,4,2,15,2,8,8,0,16,4,1,8,1,15,0,8,20,9,1,2,3,2,1,10,7,6,7,17,2,4,8,7,5,2,0,3,3,2,17,30,5,3,8,5,10,5,9,10,2,0,6,11,7,2,6,0,7,5,7,14,1,9,9,4,0,5,2,18,0,9,0,2,10,7,14,7,4,3,8,4,3,0,0,2,2,9,12,6,4,9,13,15,4,9,2,3,9,13,10,33,3,4,11,1,20,5,13,0,2,3,1,2,3,1,1,17,2,18,8,8,16,23,19,5,4,0,3,2,26,9,1,11,2,25,1,2,16,1,3,2,3,3,2,7,12,1,6,17,13,5,2,11,4,22,2,4,2,2,9,0,15,11,21,13,48,1,0,6,11,4,8,1,35,3,0,6,0,11,14,4,17,5,14,39,10,0,6,18,1,0,1,6,5,7,5,3,0,4,2,4,4,3,0,6,3,1,15,11,18,4,2,1,9,2,18,9,3,10,6,8,2,12,7,1,6,1,5,2,3,7,18,6,11,20,0,3,3,2,11,9,3,15,24,5,0,4,1,8,6,21,4,21,15,6,10,13,3,9,35,17,7,23,2,18,13,14,29,5,31,1,6,0,8,3,4,4,6,2,7,34,0,7,8,5,24,12,2,17,5,14,52,10,12,14,2,6,0,11,5,4,10,9,3,4,2
"2013-05","Oudomxai",10,6,21,11,2,39,0,12,38,5,2,1,15,4,16,13,27,6,13,3,24,41,47,2,11,3,26,2,31,25,7,2,3,9,6,4,5,5,25,49,31,42,36,37,13,41,1,113,12,10,16,6,15,17,7,3,42,20,2,25,5,0,21,43,4,7,15,85,26,8,3,16,23,10,150,62,39,7,22,6,18,7,5,10,2,18,20,5,6,16,24,6,18,18,11,19,0,6,45,29,23,8,15,24,2,23,22,10,13,32,58,19,43,35,25,21,21,7,35,4,26,12,14,29,80,27,7,63,4,0,0,10,2,21,4,41,10,54,34,49,5,3,7,18,4,27,8,6,1,30,56,13,12,11,8,9,64,2,1,3,12,8,6,12,15,5,3,9,8,1,1,5,56,17,10,50,0,1,64,10,30,0,7,27,12,66,4,11,2,26,21,9,9,6,40,27,3,7,25,31,25,32,3,4,16,18,2,17,11,13,3,12,4,16,6,10,31,32,25,10,52,0,17,109,32,4,3,16,10,14,44,2,4,21,6,21,33,20,38,7,0,8,1,6,9,0,7,13,6,56,3,13,52,49,16,22,6,16,14,26,2,8,1,14,22,38,10,7,15,8,59,12,23,0,34,48,11,1,12,34,22,18,1,7,5,20,0,11,69,12,4,27,24,7,2,24,4,36,57,65,16,110,9,8,6,9,22,22,17,12,29,26,8,15,17,31,9,0,5,25,5,42,32,15,3,43,0,22,4,6,17,5,31,0,46,12,1,8,19,6,4,6,5,3,8,9,26,8,18,9,6,9,10,20,35,19,15,15,6,32,11,45,8,15,32,71,36,44,22,6,25,5,31,0,26,14,9,11,21,2,20,24,3,5,22,29,2,1,82,28,3,44,11,22,15,34,0,15,12,11,24,7,5,35,20,13,9,7,5,9,12,8,7,12,35,61,21,18,30,27,14,10,15,8,3,15,3,14,10,22,29,0,9,12,12,4,9,5,15,11,1,28,122,18,1,79,9,5,22,0,24,13,8,15,18,50,25,6,11,53,7,1,4,41,1,26,39,11,6,14,23,1,20,46,47,2,41,1,0,2,15,5,1,12,14,7,3,28,27,19,15,1,33,11,10,13,3,2,6,72,29,12,0,26,21,4,11,35,11,2,7,16,11,22,9,38,17,15,8,15,23,3,10,14,19,30,41,19,14,1,7,1,9,6,6,7,0,0,32,15,14,40,14,7,11,8,12,15,17,5,12,16,3,31,4,67,50,40,1,5,7,5,19,7,26,40,28,117,10,14,40,22,14,26,6,27,35,19,37,3,24,10,3,8,51,5,11,8,4,8,19,5,49,4,5,1,18,12,16,10,7,12,17,0,15,3,14,14,3,17,10,8,1,16,7,52,14,79,14,30,46,44,31,8,52,17,1,5,69,16,5,12,33,8,9,67,11,6,0,15,23,2,22,1,12,13,27,4,7,49,10,12,24,12,4,6,27,23,0,43,15,10,16,26,12,34,9,8,16,13,30,33,16,1,10,3,31,64,12,18,30,5,16,1,39,15,17,41,5,1,1,46,34,21,57,6,22,2,11,3,5,24,42,15,16,13,2,22,1,69,11,8,12,37,0,14,9,10,0,53,5,0,12,30,0,33,12,49,8,3,2,32,19,0,16,22,13,1,13,24,60,13,6,4,2,1,6,9,16,11,21,25,24,16,4,1,55,3,12,29,2,5,13,22,8,2,19,8,5,5,2,5,20,19,7,43,3,12,18,52,2,21,4,11,3,2,3,1,21,9,0,108,40,18,49,26,10,29,16,3,24,22,2,27,30,16,40,25,26,20,17,11,23,13,17,31,25,20,0,4,17,3,46,9,9,25,21,5,40,44,2,18,20,15,2,21,31,28,2,39,42,6,7,47,0,41,35,37,10,21,3,25,51,12,5,1,2,12,58,23,27,1,10,12,16,1,21,11,5,1,0,18,8,13,28,9,8,15,17,27,19,23,45,6,28,16,16,3,14,16,12,4,7,4,7,14,0,11,24,8,10,10,22,27,6,2,18,11,4,20,35,58,143,22,21,8,0,14,6,6,10,31,6,48,21,41,9,11,1,9,19,15,24,21,2,5,7,47,40,15,1,37,11,27,16,25,24,45,12,20,4,12,47,22,36,3,32,26,14,60,8,44,2,21,7,3,24,50,22,1,9,22,16,37,9,8,2,25,11,14,5,10,26,12,3,9,52,9,3,30,9,14,54,30,3,74,25,19,39,3
"2013-06","Oudomxai",12,18,5,33,38,37,18,10,18,30,47,17,11,11,9,342,10,23,4,16,10,25,37,7,11,5,40,34,55,34,81,16,8,11,28,11,84,22,19,68,14,36,47,3,38,7,4,43,25,45,25,46,34,25,52,9,41,20,12,86,7,0,76,75,85,138,41,49,72,10,49,29,87,41,53,20,11,4,69,109,18,8,2,116,12,28,9,38,42,6,5,106,7,10,25,51,13,34,230,10,6,22,23,68,28,86,13,119,5,73,58,37,333,31,127,28,13,41,29,14,41,69,27,33,36,44,35,37,11,8,19,15,19,9,57,20,31,16,50,115,19,132,42,70,32,57,24,21,48,74,28,52,28,57,55,11,26,5,14,14,35,23,53,40,20,35,20,7,6,33,35,21,5,188,65,103,42,12,13,24,14,19,38,53,10,11,27,6,20,34,10,5,27,22,43,14,24,26,24,19,39,20,71,11,36,25,11,10,19,18,10,4,4,13,206,10,24,18,53,34,29,58,8,13,91,7,63,38,5,41,65,20,10,23,23,44,14,21,34,49,42,21,11,103,15,14,5,34,2,5,50,9,2,95,17,13,14,39,14,58,48,18,57,6,73,75,2,25,56,32,78,0,77,34,66,56,79,19,74,25,17,18,5,33,3,54,11,3,10,17,43,45,17,52,13,3,45,37,1,41,264,99,206,7,23,73,155,131,127,47,65,61,22,153,31,21,60,1,78,44,25,27,1,13,25,22,21,16,20,52,25,20,13,20,8,9,1,33,17,54,40,8,15,8,22,91,14,73,12,39,17,34,11,2,0,40,42,28,44,97,25,81,7,0,26,5,32,112,17,12,5,17,4,47,93,27,44,60,14,86,21,61,7,4,21,98,9,34,85,236,13,94,74,26,213,79,21,42,82,70,192,7,37,27,70,11,17,18,39,21,103,20,3,12,52,39,46,25,34,20,30,12,14,48,38,7,10,31,32,4,176,0,27,64,18,18,9,5,33,40,30,9,77,5,30,25,102,87,24,16,65,46,9,26,14,46,61,184,16,32,55,63,74,16,7,13,15,51,11,16,11,32,57,10,53,26,170,36,34,3,49,23,59,41,61,13,55,8,28,9,5,26,19,33,0,3,18,55,33,182,77,19,28,71,19,33,21,56,6,53,5,76,67,38,30,93,7,1,40,26,5,2,21,96,84,41,45,0,64,47,86,75,41,110,19,26,5,50,52,32,97,24,16,22,72,11,18,8,139,30,5,23,23,84,153,90,5,38,19,5,8,51,85,5,76,27,9,16,10,27,23,49,17,88,2,19,37,19,1,12,65,24,6,4,54,9,57,2,17,28,30,15,111,2,2,44,21,53,15,3,65,68,173,75,11,12,62,47,18,116,12,49,24,37,38,41,36,61,6,47,12,1,11,26,22,42,62,85,40,44,8,52,124,98,25,123,10,44,23,76,119,43,125,4,11,39,57,10,45,1,67,47,52,40,43,8,66,88,7,65,33,60,86,12,19,8,13,4,57,12,76,4,32,23,17,31,55,22,30,2,8,43,54,32,10,20,24,197,27,21,11,8,20,87,9,69,38,0,9,23,9,51,5,6,76,38,60,8,30,141,4,8,37,10,45,68,1,13,82,59,13,17,19,9,14,11,19,168,47,1,17,9,20,40,46,61,14,43,22,16,18,3,12,7,39,15,3,39,25,54,12,26,17,49,28,7,34,20,5,17,16,36,6,57,2,51,15,31,35,59,18,8,23,12,6,27,16,8,128,26,14,56,28,8,5,16,2,10,30,8,89,26,49,20,75,31,25,20,37,17,47,46,17,14,8,17,83,2,39,7,59,23,56,21,58,100,90,20,33,31,38,38,12,20,74,0,32,46,24,57,25,39,30,9,1,31,0,3,60,25,54,22,158,20,88,137,19,23,163,101,14,70,44,34,46,104,172,2,0,60,4,15,93,86,48,6,18,67,3,14,2,0,1,1,24,35,28,52,335,26,14,40,17,7,146,30,6,50,10,43,7,70,75,37,32,36,22,88,99,94,32,6,25,92,49,28,61,65,6,111,67,51,89,35,25,11,26,42,70,27,24,20,28,4,22,12,26,7,20,24,29,27,46,123,11,42,28,51,30,67,7,14,17,12,96,15,36,40,4,36,80,81,44,67,31,7,52,51,24,82,49,46,12,58,63,14,101,79,16,31,10,17,5,56,95,60,11,73,4,30,32,2,23,58,18,59,85,17,28,38,43,20,107,41,63,14,40,33,50,6
"2013-04","Savannakhet",111,42,40,126,8,120,21,128,28,99,49,125,35,121,116,108,28,88,17,53,266,32,56,7,37,175,64,78,146,48,51,168,20,142,39,83,37,33,54,32,119,13,5,54,447,217,187,23,564,96,23,203,90,64,84,172,7,72,118,154,97,53,107,79,13,50,39,113,24,171,74,29,5,21,80,85,75,61,86,25,89,109,17,79,113,86,670,57,230,175,127,68,51,99,86,59,245,253,113,10,167,201,102,9,81,125,118,222,29,234,157,80,19,435,78,65,277,228,125,31,39,196,323,103,24,111,18,112,556,571,28,43,184,15,51,61,130,66,247,8,58,67,145,249,219,118,47,72,95,46,23,46,96,93,119,631,8,119,40,7,171,192,92,30,123,399,32,20,37,81,203,16,37,319,89,130,6,78,279,196,166,29,80,28,38,80,87,265,276,69,26,87,167,311,44,98,4,162,16,145,504,306,55,144,41,41,109,62,9,46,231,54,184,40,26,40,445,111,42,523,23,58,17,121,64,37,108,7,176,246,107,51,27,15,69,168,31,222,28,464,176,75,28,154,119,149,260,93,88,227,87,136,32,46,11,172,163,561,301,55,59,166,6,152,99,211,69,35,338,209,250,26,15,56,161,220,28,79,65,139,46,120,96,318,28,43,116,212,86,125,149,124,56,39,49,143,195,4,177,8,94,5,210,63,41,69,35,144,351,411,7,102,553,82,226,177,6,39,59,147,53,330,48,22,199,48,58,177,127,54,69,179,5,70,60,16,97,117,27,20,134,73,297,161,14,39,558,164,104,67,14,232,181,93,41,158,531,52,226,24,221,292,111,258,178,177,69,16,176,126,28,54,153,161,51,401,80,30,60,196,17,196,90,7,93,21,149,54,86,180,116,45,34,74,35,185,28,186,28,96,211,82,90,44,262,115,9,94,55,4,181,219,25,77,7,145,45,95,47,78,115,103,129,130,110,83,142,13,113,40,46,22,47,423,83,254,93,128,82,130,85,321,241,97,59,94,97,134,36,127,435,127,54,130,78,69,68,89,32,80,203,45,39,275,79,109,36,67,173,4,30,44,192,47,14,13,85,131,246,277,7,0,64,60,19,72,77,24,48,8,60,45,3,19,13,23,133,29,207,17,400,6,146,55,273,19,80,43,22,64,43,126,32,186,91,295,42,143,69,262,35,18,41,158,139,141,59,83,94,390,147,93,29,11,178,111,58,46,186,101,33,5,111,2,138,42,104,249,155,169,77,82,248,482,18,90,220,132,99,408,225,26,202,135,153,157,104,59,234,68,3,334,524,57,246,437,120,30,10,28,40,37,234,102,22,115,69,62,185,16,104,39,73,111,277,160,93,122,248,62,93,943,21,28,30,279,214,46,168,40,227,82,190,110,37,29,128,204,59,186,98,21,191,127,65,21,65,8,73,122,38,61,129,140,41,30,15,55,40,65,148,56,148,13,171,198,15,10,169,167,2,10,37,80,62,88,105,259,27,58,305,61,86,39,159,283,58,51,355,106,15,28,38,144,209,20,20,170,246,44,22,167,95,90,436,60,73,86,63,36,165,8,74,191,329,126,244,14,23,55,50,37,534,450,21,14,140,126,86,63,29,245,88,58,23,9,32,75,150,112,157,137,34,68,32,76,46,57,341,115,135,17,115,97,123,49,53,75,119,90,132,174,27,11,172,491,263,93,139,2,119,72,122,6,196,118,320,147,135,377,248,335,169,391,150,122,4,11,29,175,3,36,44,268,54,19,176,176,86,90,254,135,41,38,517,295,102,93,87,26,402,58,47,150,82,151,69,41,57,165,61,58,251,137,120,544,223,114,276,84,168,66,28,122,190,106,96,59,112,110,83,33,209,324,103,9,65,131,564,74,359,28,87,133,78,57,137,205,76,67,6,119,27,118,108,202,133,2,38,184,237,88,131,480,114,15,160,232,96,321,30,116,60,158,82,162,74,36,202,17,143,129,49,53,61,49,7,59,76,2,34,52,158,32,23,21,22,54,125,89,80,55,30,287,383,66,106,165,121,80,35,13,15,288,233,116,88,91,126,15,108,44,53,58,16,89,14,12,82,48,58,191,48,27,34,189,113,62,448,170,12,282,1,72,162,26,126,86,70,8,113,308,43,30,82,168,287,106,271,36,41,86,52,46,436,103,286,88,57,122,56,57,42,2,121,119,129,182,54,197,103,5,76,38,65,2,103,72,147,41,96,54,56,59,70,56,304,156,483,98,12,58,32,12,16,40,84,334,226,104
"2013-05","Savannakhet",540,201,13,277,703,818,209,63,427,433,21,246,555,179,243,150,138,265,31,107,562,148,348,286,128,272,128,61,616,330,277,218,262,148,137,264,200,149,273,155,786,218,716,98,23,1286,642,716,729,81,104,306,449,108,257,78,145,417,250,57,196,97,721,8,85,149,131,377,193,168,137,214,181,124,124,517,722,95,48,192,765,160,163,89,263,175,122,180,278,609,539,225,33,53,245,793,946,512,184,141,430,431,363,90,645,98,94,535,54,198,58,133,93,23,52,222,651,249,270,117,216,179,253,225,131,21,86,89,37,333,667,177,197,34,261,221,47,214,117,95,68,163,166,413,406,160,252,36,54,426,139,18,203,382,525,909,232,48,345,441,486,707,122,145,425,162,109,353,231,164,286,35,916,23,283,315,1118,147,551,18,434,58,57,396,472,621,177,81,53,660,291,457,459,55,213,359,60,137,650,434,694,286,118,99,96,4,160,139,20,378,233,381,176,363,20,55,21,112,99,529,35,316,247,78,120,265,41,240,70,148,66,462,45,38,567,1046,1009,321,1675,306,466,87,29,95,336,185,178,58,155,722,960,82,147,72,559,644,41,255,136,179,330,12,742,293,234,528,52,148,632,323,41,1047,474,379,380,60,207,18,27,391,180,193,428,61,275,427,873,132,182,158,377,152,565,358,460,556,3,467,107,305,40,198,83,86,47,534,187,524,36,4,243,222,547,369,466,404,207,87,87,182,582,276,571,24,831,409,22,171,57,36,114,330,259,870,129,215,562,250,213,314,61,340,673,127,52,106,153,184,414,41,78,241,103,110,83,170,1734,100,335,446,594,455,366,512,95,136,193,306,28,266,2,521,245,89,22,154,38,324,389,40,88,335,6,15,126,213,525,232,58,126,104,158,47,27,12,254,250,267,173,64,263,42,261,366,109,99,398,281,91,344,76,137,34,142,29,758,66,100,14,813,119,350,559,252,85,39,95,888,396,599,386,156,168,170,206,135,232,542,400,185,166,755,30,1272,510,204,239,215,132,66,67,606,290,121,477,272,93,137,127,301,264,89,294,55,182,317,335,288,174,212,18,633,107,196,190,135,308,174,247,192,30,165,56,95,286,460,103,61,41,492,106,184,7,271,161,468,215,97,60,198,554,48,86,159,490,125,1364,215,435,26,313,154,321,473,677,28,399,13,577,129,423,406,75,440,28,98,233,91,83,105,194,323,56,121,605,772,38,81,162,186,190,127,363,125,21,127,404,188,222,221,103,576,237,302,51,383,164,1240,34,1020,150,153,72,185,487,282,412,90,294,333,91,103,16,368,366,490,443,546,252,102,286,97,50,765,451,303,686,320,250,322,178,121,165,348,241,286,557,267,167,330,307,262,322,113,348,116,83,225,80,60,385,389,300,776,148,156,396,157,221,249,303,24,511,216,610,102,456,152,375,142,34,142,157,105,111,31,737,192,50,275,171,59,10,383,37,77,147,347,430,33,80,776,98,51,43,170,229,475,118,184,343,495,517,414,357,106,268,224,35,179,367,198,681,128,103,186,352,158,521,21,193,16,96,431,228,26,115,150,29,92,114,301,52,374,689,1035,148,64,402,235,222,157,100,75,382,503,314,794,91,258,251,121,610,96,547,71,125,361,864,142,31,171,29,137,580,299,842,21,387,83,94,386,666,48,61,168,372,540,705,423,106,68,95,19,161,691,79,1557,290,82,987,159,379,11,176,137,340,193,234,274,540,451,383,490,227,131,733,645,312,250,195,39,932,945,141,106,74,133,365,208,73,516,106,254,937,202,342,442,325,201,617,241,48,169,114,161,90,33,745,272,144,191,1,237,97,1082,123,763,631,293,298,199,24,111,123,520,70,202,15,705,103,99,519,207,174,590,49,249,101,230,294,84,483,503,22,342,258,187,107,251,151,168,94,76,278,651,80,197,336,66,694,66,65,130,20,278,428,335,307,407,65,202,182,360,487,224,44,1396,161,244,213,56,209,23,230,135,44,55,670,335,220,165,106,988,592,399,450,441,64,164,314,712,14,157,99,126,36,89,58,152,81,65,76,4,122,165,398,48,129,67,166,449,254,146,12,389,43,317,26,136,175,220,699,4,169,70,60,438,406,238,382,513,56,742,156,61,105,572,1506,137,350,55,150,275,453,35,218,371,126,45,48,111,601,63,84,431,811,247,226,65,18,66,57,118,158,423,125,454,330,124,363,374,72,654,763,80,45,21,178,134,108,17,32,483,226,21,1483,85,863,254,118,37,254,157,284,236,583,508,704,371
"2013-06","Savannakhet",268,490,151,689,1379,545,41,217,575,325,129,142,112,374,198,852,46,79,508,130,790,7,644,1157,958,902,503,218,462,821,409,419,80,260,2009,42,181,906,685,340,744,271,516,925,193,394,728,709,514,241,572,537,123,1637,1327,380,454,435,301,224,136,116,167,1453,29,602,253,1165,268,943,963,1141,136,256,980,279,591,139,229,1546,821,557,396,860,860,123,900,757,89,162,1051,33,546,903,91,387,2134,244,559,727,210,119,113,160,833,376,467,151,290,583,893,152,961,725,588,58,1582,469,281,439,244,26,723,393,169,156,943,506,244,512,1158,286,531,96,860,315,210,717,1660,403,42,157,153,514,376,253,50,317,460,524,306,589,664,309,256,355,185,350,1147,177,210,919,98,502,459,1098,582,676,1136,399,248,376,928,611,268,88,50,165,692,373,1774,504,133,136,354,1121,20,903,843,658,266,1082,1011,455,148,174,260,211,944,779,150,30,612,892,289,547,500,304,229,476,185,160,264,287,153,656,64,754,625,97,751,1321,603,537,43,474,140,488,420,517,838,545,1658,438,342,1800,411,1659,2854,784,1344,1160,338,241,1005,581,157,215,56,350,2584,42,144,34,776,363,362,321,478,756,355,360,390,867,403,221,257,779,475,419,311,2163,560,155,290,332,403,120,832,272,218,926,1542,145,249,365,885,1116,1134,244,88,634,156,537,428,1690,258,471,635,133,342,439,437,160,565,1141,479,88,358,36,1367,491,595,547,116,10,59,1083,1592,3812,260,273,386,1187,1366,487,392,472,646,288,933,1093,43,822,66,548,140,681,177,282,101,749,1038,208,226,370,17,572,810,1811,1099,1892,187,175,719,113,1688,286,722,705,34,698,360,1620,545,1349,791,267,778,349,1519,948,331,515,255,389,617,1410,621,1363,81,175,109,237,170,1050,362,25,157,1049,695,907,1995,411,689,509,126,1591,501,185,879,72,551,3468,249,771,189,354,190,304,345,944,123,72,353,453,270,127,379,1416,406,259,603,92,252,368,326,654,1036,400,1295,957,283,1060,308,1182,76,267,462,171,49,1587,470,914,2316,25,1313,1,987,185,323,341,139,1127,615,1239,825,458,483,1093,155,637,61,139,630,1589,124,1250,512,1305,534,640,250,50,383,625,42,1265,192,400,685,197,390,1067,739,135,220,117,395,360,53,195,890,411,962,1324,583,569,417,36,829,683,532,564,403,309,516,659,504,937,180,506,506,1368,32,233,1672,1222,298,2286,683,248,2494,307,163,350,449,183,408,180,60,447,180,337,1620,133,862,121,1242,22,558,421,1014,335,738,352,616,1237,269,208,708,1014,317,770,644,231,449,442,143,1075,203,2064,395,313,1637,65,964,968,399,539,480,430,585,1387,526,950,96,394,127,711,1834,236,806,205,363,274,355,494,1064,297,706,210,553,319,972,299,687,1498,563,387,634,512,409,471,135,3157,108,182,292,383,345,41,131,568,376,278,382,744,21,640,130,673,1229,96,828,454,677,663,258,732,413,578,795,1077,310,223,1287,81,176,136,664,316,2150,2149,156,164,420,1657,464,310,276,241,1344,171,136,408,532,121,236,821,152,385,829,678,292,1130,1326,61,813,321,189,670,841,472,835,588,209,601,275,1000,690,452,260,1069,181,2215,451,132,11,517,52,442,261,477,1705,215,516,30,143,1111,641,1068,765,353,1798,350,1125,585,68,1746,143,873,423,257,1513,260,546,358,100,606,149,2591,589,677,329,555,266,900,288,23,571,14,1483,379,316,1132,165,237,472,1591,858,93,677,509,207,246,985,201,1029,74,513,80,751,458,280,467,361,217,408,2253,1084,522,1774,209,40,857,2476,839,994,484,907,373,688,370,722,476,378,1060,1442,1477,1169,246,440,782,123,1024,375,27,738,201,193,196,1580,678,227,988,144,894,38,1055,54,270,84,575,550,34,1018,321,242,325,649,474,304,805,298,186,13,398,923,1450,45,469,556,98,471,1798,1209,61,887,136,85,560,596,3269,134,348,124,514,312,265,1316,288,88,100,505,592,863,156,419,232,674,655,437,485,442,646,375,122,196,930,1031,118,1041,1129,400,712,288,322,38,245,500,898,131,1779,17,110,699,167,1477,228,878,981,349,1602,1495,2704,300,3695,817,408,445,771,44,3682,246,168,819,297,238,316,586,611,109,3172,59,689,261,114,788,357,192,277,497,519,352,588,643,291,1017,276,466,148,227,30,221,287,661,971,422,361,330,392,422,202,260,395,288,2129,289,423,181,609,1035,888,1740,386,65,408,832,108,252,485,835,1993,831,1457,26,588,2084,391,167,482,216,104,293,587,120,430,492,623,503,23,464,181,809,175,346,1018,128,1230,1607,294,537,153,241,135,1063,273,466,341,1099,3720,66,591,310,257,273,448,1156,183
"2013-04","Vientiane[prefecture]",60,74,160,345,25,76,308,130,243,18,23,39,260,350,6,194,51,243,41,11,136,338,424,68,337,23,389,715,513,103,122,202,8,144,41,120,26,94,47,145,282,85,183,8,382,84,342,89,26,19,83,244,29,178,111,230,95,146,137,119,133,132,295,236,67,96,159,191,53,37,157,103,546,32,97,32,0,18,259,286,95,177,177,13,141,81,259,216,485,212,261,109,45,26,157,83,54,84,71,127,142,166,9,85,60,89,148,291,117,112,347,6,171,151,10,30,489,378,67,549,144,212,112,27,75,211,116,95,253,322,256,358,35,84,73,162,15,337,196,318,43,64,730,12,114,227,27,61,44,424,66,57,141,281,319,123,120,141,80,47,85,82,105,301,20,113,28,442,92,211,368,370,157,96,3,149,213,239,101,1,501,7,203,50,123,106,21,397,170,136,335,332,290,76,158,149,524,295,77,167,177,33,69,66,192,240,21,109,441,36,25,28,98,223,18,194,119,99,207,119,98,9,434,49,60,259,302,315,35,134,39,375,170,185,71,82,9,418,40,202,66,220,250,175,489,141,101,28,100,34,37,262,40,40,177,302,10,87,189,338,54,141,22,128,162,134,33,84,19,296,431,193,65,34,571,34,89,666,126,443,33,103,128,105,254,91,158,20,106,102,147,490,68,127,49,2,427,75,148,528,24,136,95,79,285,251,245,115,388,104,264,68,154,34,116,6,68,216,396,289,240,283,150,270,188,273,88,295,520,22,52,248,387,91,338,245,108,461,351,320,62,24,192,115,144,49,512,140,251,272,19,87,248,206,49,101,285,99,47,33,17,640,498,489,47,174,144,228,219,248,64,334,125,54,42,139,238,174,47,73,63,181,30,325,83,170,221,120,64,9,446,182,100,26,240,856,87,130,67,83,342,48,28,306,59,71,50,29,433,434,61,25,43,163,40,48,321,349,31,29,24,253,9,42,297,30,359,157,125,26,45,37,27,535,30,87,64,60,38,226,207,184,135,164,25,99,652,195,26,94,150,281,10,145,229,90,224,409,15,168,29,305,737,19,47,29,34,260,68,110,133,30,272,53,114,88,299,300,554,25,363,196,237,80,25,146,93,61,57,234,166,197,101,82,37,132,91,153,37,301,272,242,79,9,81,133,116,85,206,42,214,40,84,293,524,33,411,81,73,100,220,210,44,117,216,260,11,415,125,410,247,82,50,68,70,235,72,37,63,162,84,219,93,101,293,63,98,81,194,205,256,16,169,55,175,510,127,244,66,122,87,417,96,296,127,15,409,169,71,34,186,484,59,118,551,205,178,186,30,126,226,226,1343,174,184,120,19,152,104,118,546,108,157,200,554,51,293,225,36,255,382,244,47,17,315,132,168,23,74,65,30,171,39,112,41,60,110,46,264,39,27,127,202,174,99,44,27,326,244,88,641,79,197,55,53,31,209,112,96,406,29,28,94,78,326,904,61,136,57,326,54,224,101,83,329,42,25,178,174,575,439,223,84,77,11,4,89,169,31,61,119,50,65,159,78,51,119,13,20,151,285,40,31,140,1462,118,560,158,113,352,393,7,54,134,7,62,17,119,86,170,598,107,79,115,184,54,137,242,211,48,17,174,88,88,56,9,72,34,55,62,75,143,168,128,20,111,72,278,206,157,66,26,139,240,55,83,289,331,57,67,125,43,162,78,101,172,29,73,283,521,324,99,120,184,1,297,49,33,26,211,39,125,111,313,91,70,34,58,76,20,112,121,257,307,25,13,67,508,179,177,28,94,598,88,70,489,300,504,116,344,80,67,65,238,37,31,205,99,98,75,104,53,22,211,8,230,227,441,158,409,104,33,298,81,132,70,132,33,135,19,175,5,89,51,150,355,90,279,58,345,22,90,110,404,333,416,203,83,175,159,79,661,125,138,118,80,58,188,66,175,520,159,345,32,28,335,491,83,415,254,82,1000,101,34,434,219,456,285,371,290,147,148,111,271,81,95,130,335,315,457,113,82,539,258,102,282,731,135,123,485,541,440,407,144,473,493,197,97,207,55,257,33,79,138,96,71,111,48,546,127,129,217,53,116,128,73,20,166,48,42,304,164,335,61,144,305,49,166,136,34,119,330,33,86,167,236,95,59,137,170,33,129,104,285,139,228,168,200,650,98,252,57,360,8,366,53,163,287,316,367,146,45,211,204,25,260,64,142,467,152,15,81,325,142,94,110,138,20,159,234,78,405,142,191,296,68,34,72,10,48,208,79,65,117,118,155,685,16,39,66
"2013-05","Vientiane[prefecture]",86,348,767,1369,803,293,213,69,80,258,129,385,196,1030,356,166,213,1277,248,369,27,114,850,74,106,407,799,1107,376,159,1362,306,309,658,462,186,321,166,341,476,261,270,30,459,407,580,6,273,44,677,673,61,63,149,128,184,95,330,286,59,93,258,807,187,991,102,242,313,112,349,894,401,257,246,15,651,302,204,669,77,279,391,552,142,273,197,186,528,749,113,114,969,81,472,208,95,621,211,340,22,408,71,365,689,265,643,359,352,366,318,1015,307,812,450,317,311,892,162,135,2379,1095,636,509,159,44,666,404,458,310,808,955,255,64,152,66,417,420,1015,1301,472,830,393,351,374,68,6,96,9,1235,944,574,344,725,434,382,1147,61,515,123,839,419,411,149,1847,203,71,143,973,79,689,1066,771,413,559,494,41,59,684,56,287,590,19,385,1125,50,238,365,193,212,176,45,597,479,54,448,229,205,579,114,317,421,181,685,239,567,281,1319,218,174,194,288,295,187,87,317,58,265,279,215,169,236,792,197,1765,73,11,147,529,325,522,91,140,150,614,1014,1248,665,1810,1101,1524,372,188,550,980,1021,165,511,272,493,554,9,1214,230,220,226,283,148,108,868,248,111,51,297,202,917,220,269,281,0,356,1124,511,1047,46,436,142,261,277,41,456,112,112,2242,117,227,841,79,429,136,311,109,573,466,266,242,129,1035,61,274,10,71,429,284,667,216,58,350,326,439,440,446,796,227,1186,1226,904,436,208,489,419,160,1123,1972,98,373,264,28,139,233,78,774,1724,1387,90,440,335,1196,464,1141,164,886,143,46,372,179,81,602,227,293,994,164,160,939,262,727,206,823,218,523,154,177,294,472,659,419,181,1025,741,274,377,151,370,355,882,301,190,257,906,616,238,130,127,403,108,606,128,184,423,693,685,190,211,888,343,349,811,791,1836,331,48,444,418,362,1749,262,264,970,85,339,409,127,332,493,510,678,297,94,273,185,533,211,223,336,2,538,242,194,74,625,1451,327,131,54,651,818,519,428,153,789,1023,197,111,316,411,194,838,503,86,132,133,704,456,117,1303,153,106,208,101,86,173,147,951,456,113,150,702,60,207,418,835,246,318,533,348,828,357,160,225,551,216,362,946,488,85,534,703,109,165,466,123,332,106,232,270,643,536,1002,186,80,446,294,234,404,104,554,148,133,282,237,212,422,136,285,247,581,440,957,134,159,760,45,212,192,164,270,1191,18,230,294,270,754,410,36,66,497,261,74,278,168,59,510,359,92,230,150,130,262,5,116,187,871,14,309,239,738,200,588,487,340,11,264,665,208,437,234,113,904,103,197,60,134,358,340,33,237,901,144,347,281,71,1766,306,667,547,442,322,320,835,129,119,131,107,1085,75,1128,184,422,543,68,163,51,44,87,397,111,176,498,338,162,188,163,141,1215,211,126,41,282,109,74,12,153,393,118,520,135,159,127,490,209,377,322,92,59,404,202,249,35,376,117,531,217,64,77,519,333,66,210,426,399,736,986,1265,335,53,64,319,768,694,89,795,371,636,95,536,11,550,62,291,492,167,25,1180,177,700,509,393,291,436,1325,162,864,191,38,153,627,729,52,583,54,48,1294,512,527,561,1139,726,240,169,638,434,270,336,818,206,801,292,116,167,110,18,213,61,548,1775,35,53,648,138,231,387,374,84,1919,472,458,92,53,607,849,817,188,226,549,170,916,663,43,1040,209,353,41,316,304,12,143,167,60,822,1557,33,1205,87,19,1015,92,50,320,28,539,566,549,227,345,333,90,150,38,229,1334,320,240,374,165,415,278,42,349,2914,75,444,497,356,311,164,450,496,81,80,185,265,57,1423,901,330,873,2,54,1159,203,174,468,301,72,551,104,278,68,180,518,573,260,137,231,648,473,168,454,199,223,353,436,594,817,135,610,2453,439,652,1347,101,32,458,802,928,993,245,662,641,265,158,200,276,154,638,360,241,826,101,93,452,361,363,1218,297,157,625,76,369,251,1174,167,756,1815,265,116,281,800,143,554,239,93,183,554,3047,238,263,1777,268,985,320,196,235,1217,72,49,212,295,753,328,1525,2460,748,1073,979,315,263,86,1465,140,212,48,184,227,1007,143,215,498,178,237,271,637,286,776,273,188,762,143,834,248,258,983,140,610,262,285,618,233,338,250,524,116,246,49,54,244,231,333,181,538,597,792,243,1406,189,90,178,621,305,439,547,1080,377,1478,101,1399,47,385,1159,25,824,95,381,572,489,210,214,671,1053,1635,322,281,239,68,220,452,1067,93,236,751,2866,229,637,1012,566,518,263,689,386,111,641,68,425,484,140,73,99,2760,246,164,16
"2013-06","Vientiane[prefecture]",195,1489,3000,874,665,1360,2640,136,3281,226,1422,1321,2088,540,117,87,215,1146,347,354,1051,1825,597,183,94,470,501,8387,1097,1524,689,767,232,1522,1482,133,515,938,1556,236,3512,399,557,1984,927,389,539,1403,821,264,2741,143,360,1138,173,1005,1538,330,768,802,1177,409,1023,894,640,970,579,970,323,232,823,193,2045,2255,5,701,91,240,1441,1630,595,1004,576,2323,234,576,556,784,533,275,720,449,524,241,1281,268,1011,278,1058,951,1543,194,569,821,1855,319,43,563,374,1146,1349,272,1790,526,169,2004,1568,538,500,1915,574,627,537,264,871,1079,279,377,1790,1094,2197,914,460,1523,6,2705,265,3076,1540,297,1024,991,1037,631,104,902,43,946,462,1449,645,938,1225,2085,1429,836,505,1041,43,254,3370,229,674,982,228,367,182,93,684,1824,1136,618,189,1383,205,647,853,698,1760,685,461,38,2354,257,288,1709,798,666,820,175,836,548,897,213,650,527,1162,634,896,157,154,297,1167,2008,233,367,3829,1122,787,942,580,548,2330,15,642,227,363,192,1054,279,1063,787,598,270,1035,316,19,112,878,298,893,477,85,806,681,265,267,759,3797,120,1394,96,1231,297,2559,448,2794,1250,1411,1386,118,1028,2470,1228,1187,462,580,309,793,1673,532,936,93,1811,407,2715,1030,2624,1084,244,2882,336,717,578,1530,771,839,377,586,951,267,974,311,154,762,2004,88,1071,340,693,561,1382,327,919,189,697,372,371,1120,2611,648,116,89,179,117,1266,794,1711,1480,633,2758,165,261,362,993,103,557,440,3350,303,1590,469,1358,390,2591,1041,393,72,55,614,3101,405,910,928,1217,481,985,1050,726,390,229,666,1221,458,604,276,1217,315,1378,2001,1293,460,1618,870,364,126,131,130,658,225,469,4754,2032,429,673,393,166,1673,1462,598,471,268,730,1319,755,1054,73,556,1167,558,2712,894,609,463,245,985,873,970,1257,1584,1049,1351,389,503,1226,74,978,2701,837,585,1385,1175,375,6302,149,660,2272,118,266,2612,632,389,1023,107,2386,1926,1456,232,3075,81,317,740,1334,2929,317,974,447,234,424,683,344,1167,321,1197,1799,1010,656,905,4733,661,674,2269,370,1350,1942,793,1766,219,213,1711,516,1872,456,510,172,171,934,4331,538,458,160,770,726,785,1422,1933,279,555,1022,19,1116,641,199,2254,525,593,886,1127,388,260,448,1627,289,374,405,3844,962,1118,362,712,432,701,550,886,236,892,1468,288,1053,1659,275,565,141,1284,1430,178,847,988,1151,1549,745,2936,2480,540,40,989,2514,886,956,2906,375,917,176,632,601,476,396,491,365,1901,796,1572,299,933,706,367,521,1824,2131,2103,681,660,92,660,149,72,202,29,321,502,696,399,790,1677,358,1531,241,2663,1866,501,128,1805,160,1136,1597,350,209,713,199,1263,228,1719,1359,390,158,612,189,315,773,756,87,3859,284,94,655,1836,970,3440,643,190,1186,1113,227,116,711,132,379,852,775,803,1542,616,525,166,274,1325,430,1755,1513,2022,27,525,1283,668,1337,570,852,90,647,699,55,745,560,304,351,206,795,246,925,841,387,162,576,224,2085,407,252,2972,101,143,332,745,116,2204,1946,136,992,919,952,2323,744,137,2660,619,346,310,1452,616,357,1510,967,311,304,426,83,285,170,635,674,785,555,301,837,1301,1909,151,341,15,58,1766,560,1763,488,1760,4066,679,1103,605,485,544,2323,607,3465,1292,800,50,326,99,549,794,355,94,1012,2866,1369,835,705,2068,1555,2242,92,1477,570,797,733,135,148,320,712,260,781,1067,1324,1273,1789,139,888,128,2614,587,481,1604,439,1185,1010,1184,222,290,954,2387,222,84,566,1590,1422,1117,247,407,661,20,670,428,48,2536,1066,889,954,765,76,771,482,496,564,728,904,216,501,589,2701,1089,107,1297,490,465,1262,335,295,2357,273,1705,720,832,756,17,124,131,2193,316,490,1822,950,68,615,1035,535,856,1780,958,920,891,527,312,672,792,947,1072,2184,158,569,2078,1060,1069,276,1095,289,355,1069,2034,1752,809,573,126,535,277,399,5904,807,755,263,2327,490,1015,315,1758,433,1182,2181,857,99,954,375,189,84,541,2994,514,970,5500,521,1104,1772,1395,1434,333,881,2436,874,621,1245,3597,1796,1074,3543,2245,521,1402,986,1798,316,2295,493,359,1373,1565,889,759,606,86,2131,47,297,90,4122,362,1577,1130,1843,1490,198,392,607,422,96,912,1550,230,168,2360,1061,94,1132,556,2153,4031,1268,284,121,3177,4022,367,175,1876,578,895,497,2961,1216,1134,1269,1045,1587,626,824,256,1273,565,802,2005,446,536,241,2721,413,194,1246,979,466,520,614,174,1037,125,1306,32,890,517,421,149,442,126,1224,909,568,428,567,472,234,1011,360,1033,276,2226,1197,899,423,1463,620,618,1869,545,83,435,1482,1625,2414,172,1517,867,1764,173,532,261,379,1043,410,1078,200,147,2330,871,949,692,1513,235,2811,527,6381,891,11,1749
"2013-04","Xiangkhoang",1,1,2,0,0,0,2,0,1,2,0,1,0,0,0,0,7,0,0,4,0,3,2,2,1,0,0,0,6,0,1,0,0,2,1,0,1,0,0,1,1,3,0,0,0,2,0,3,3,4,2,1,0,6,0,0,0,3,1,0,0,0,0,4,5,0,0,0,0,1,1,1,0,1,2,0,1,0,7,0,0,0,0,0,0,1,0,1,6,0,2,0,1,0,0,0,1,0,3,2,1,0,4,1,0,0,0,0,0,0,0,0,2,0,0,2,0,1,4,0,1,1,1,0,1,5,0,2,0,1,4,3,2,0,1,0,0,4,1,1,0,0,0,0,1,1,2,0,0,1,0,4,0,4,0,2,2,1,0,2,0,3,0,1,0,1,0,0,3,0,5,0,2,3,2,2,2,1,4,0,0,0,0,1,0,2,1,1,0,1,0,1,0,3,0,0,0,1,6,0,3,0,1,2,0,0,1,1,0,3,2,0,11,4,3,1,1,1,0,1,0,1,1,2,2,0,1,5,0,2,2,1,4,0,0,1,4,0,0,0,0,1,0,0,3,2,1,4,0,6,2,4,1,0,3,9,0,2,0,1,1,1,0,2,1,0,1,0,0,0,1,1,0,1,0,0,6,1,0,0,3,0,2,0,2,5,0,0,1,1,1,0,1,0,4,0,2,1,0,6,4,2,0,0,1,2,0,0,1,0,1,0,0,1,0,0,1,2,1,1,0,0,3,1,0,0,3,2,2,1,0,0,0,1,0,2,0,1,4,2,0,0,2,2,0,1,0,1,0,0,0,1,5,1,3,0,4,0,0,1,0,0,1,2,0,0,0,1,8,0,0,2,3,0,0,1,0,0,2,0,0,1,0,2,0,0,7,0,1,0,1,0,2,2,0,1,0,0,0,2,0,0,0,0,0,0,1,0,4,0,1,2,1,0,1,1,3,0,1,0,4,0,0,3,0,4,0,0,1,0,0,1,0,5,1,3,0,0,0,0,0,2,2,2,0,0,1,0,1,0,0,0,0,0,1,3,0,0,2,1,0,3,0,0,4,0,0,1,1,1,1,0,3,0,2,0,0,10,2,2,0,0,0,1,0,4,2,0,1,1,3,3,3,0,1,1,1,0,0,4,0,5,0,5,0,0,4,4,0,4,0,5,2,3,0,0,2,0,0,2,2,1,0,3,4,0,0,0,0,1,0,0,7,0,6,0,0,0,0,0,0,2,0,1,0,0,0,0,2,1,0,4,2,3,1,1,0,0,3,0,0,0,4,1,0,1,0,2,1,0,0,0,0,0,0,0,1,0,0,1,1,1,5,1,0,0,0,1,1,1,1,1,0,0,2,1,0,2,0,1,0,1,6,2,1,0,0,1,1,0,6,2,2,0,0,0,0,0,2,1,1,0,2,0,1,0,0,0,6,2,0,0,3,0,0,0,0,1,1,0,0,1,2,0,1,0,1,0,1,0,2,0,10,3,0,0,5,1,0,2,1,3,3,1,0,0,0,0,1,0,0,0,0,3,0,0,1,0,2,0,0,0,4,3,1,4,0,3,0,1,0,1,0,1,0,1,3,1,0,0,0,1,2,0,0,0,0,2,2,1,3,2,3,3,0,0,4,4,1,0,7,5,1,1,0,2,2,5,0,0,5,1,1,0,0,0,3,0,1,1,1,0,0,1,0,0,4,0,0,0,1,6,0,0,0,0,0,0,3,2,0,1,1,1,1,0,3,4,0,0,1,2,3,0,0,2,1,1,2,3,0,1,1,0,3,0,0,0,2,2,0,2,2,6,3,1,1,0,0,0,0,0,2,2,1,0,1,0,1,0,0,0,0,1,0,0,0,0,0,0,0,0,0,0,4,0,1,8,1,2,2,0,0,3,1,0,1,0,1,0,0,0,0,1,4,0,4,1,0,0,1,0,1,1,1,4,1,0,1,0,1,2,1,3,1,2,1,1,0,7,1,0,1,0,0,1,0,4,0,3,4,0,0,1,3,3,0,0,0,4,1,0,4,1,1,0,2,0,2,0,2,2,0,0,4,1,2,2,0,0,0,0,0,1,2,1,1,0,3,0,0,0,0,0,2,0,2,3,2,0,1,0,0,0,1,1,1,0,0,0,1,0,4,2,0,0,2,1,0,5,0,6,4,1,0,2,2,0,2,0,0,1,0,2,3,3,0,1,0,2,3,3,2,2,0,0,0,1,0,0,1,0,1,4,0,0,0,7,2,2,6,3,2,0,0,1,0,1,0,2
"2013-05","Xiangkhoang",0,1,2,1,0,1,1,4,1,1,1,0,2,0,4,1,1,1,2,7,0,2,2,9,1,0,1,4,6,0,6,0,1,1,0,5,4,3,4,7,0,3,2,1,1,5,0,4,1,2,1,5,2,10,0,2,1,4,4,0,2,1,0,5,3,0,1,0,8,3,2,10,0,0,2,0,0,0,2,2,2,3,1,1,2,4,3,0,7,0,3,0,0,2,0,0,2,0,3,2,1,1,7,3,0,2,1,1,1,1,1,6,4,0,1,3,1,0,2,0,5,2,2,6,0,0,0,8,2,4,2,2,0,6,5,1,2,5,5,2,3,2,18,5,4,0,0,5,9,7,0,4,0,1,2,1,0,5,1,10,5,3,6,4,0,1,3,4,2,4,2,1,5,14,6,5,2,1,1,0,0,0,1,0,0,4,2,1,1,0,2,3,0,1,1,9,3,0,3,1,10,0,3,4,4,1,2,2,0,5,4,4,0,1,2,0,0,0,1,1,3,4,4,5,5,0,11,6,2,0,1,5,2,0,1,0,4,3,5,0,2,1,4,3,0,2,0,0,1,4,2,37,0,4,2,2,0,5,7,1,3,0,7,1,1,9,3,0,7,0,2,3,2,4,3,2,0,1,3,1,0,0,6,1,1,4,3,14,0,10,0,3,3,4,13,3,1,8,7,8,0,4,0,1,4,2,8,0,0,1,0,0,4,0,1,0,1,6,2,2,2,1,7,9,1,3,5,7,0,2,5,13,6,1,4,1,1,1,0,1,0,5,27,2,0,0,0,1,3,0,3,2,3,3,0,1,2,7,1,0,2,1,2,7,6,3,2,0,2,0,1,9,2,1,0,3,6,4,1,0,1,16,1,2,0,2,5,3,3,5,3,5,4,1,3,0,4,2,0,7,1,3,1,0,1,0,5,0,2,5,2,2,1,4,3,4,1,0,1,2,0,2,0,2,3,3,2,1,0,0,1,0,0,1,2,1,9,0,3,1,2,4,1,4,0,0,1,1,1,1,1,2,1,2,1,4,2,9,4,1,3,1,1,3,0,1,0,3,2,1,3,7,0,0,0,9,0,0,2,1,1,1,3,3,1,3,4,0,13,0,1,5,2,0,2,1,10,3,0,1,2,1,24,5,2,4,5,3,3,7,2,4,3,2,1,1,1,0,3,7,0,0,1,1,6,0,0,6,2,0,1,2,8,6,7,2,0,2,0,3,1,3,2,0,0,10,1,0,5,6,7,3,3,3,0,2,1,0,7,1,0,6,1,0,0,5,0,0,1,0,5,0,0,4,0,4,2,1,0,6,1,3,1,2,3,1,4,1,0,2,2,2,0,8,0,0,2,0,0,2,2,1,4,2,0,0,2,0,8,0,8,2,1,2,3,2,0,3,13,1,7,0,7,0,1,1,4,7,9,2,0,5,0,0,1,0,0,3,3,0,3,2,0,0,1,0,0,10,0,1,7,1,2,14,1,0,0,4,3,1,2,2,2,2,3,1,1,3,8,0,0,3,5,1,7,5,4,2,4,2,0,0,0,1,2,6,0,0,1,2,3,1,4,2,2,1,0,3,0,1,3,3,1,0,0,10,2,1,1,2,0,9,1,1,10,1,5,6,2,3,6,3,2,2,1,0,1,2,0,0,3,1,0,1,1,0,4,3,0,0,3,7,0,0,4,4,1,0,4,2,9,22,0,3,2,0,1,0,1,2,0,1,2,1,0,2,7,4,3,2,5,2,5,0,2,0,1,2,0,0,6,14,0,1,4,1,5,0,2,1,0,2,0,7,1,2,2,4,2,1,12,3,1,3,4,1,5,1,2,8,1,0,0,9,1,7,2,2,3,1,5,1,0,16,3,3,0,2,0,5,4,1,0,0,1,1,0,11,1,1,0,2,1,2,3,4,0,3,2,1,11,2,6,0,2,0,0,9,2,3,0,2,8,0,2,2,1,0,4,3,3,5,1,4,0,2,0,31,0,1,4,0,1,11,4,14,5,1,4,0,0,0,1,0,5,8,4,4,4,2,0,2,6,8,1,5,0,0,5,2,5,17,1,1,6,0,3,2,1,0,2,19,4,1,4,6,3,12,2,0,7,2,3,1,0,2,6,0,1,0,3,1,3,0,5,1,0,4,4,3,0,1,3,3,6,1,9,6,0,1,0,1,2,0,0,6,6,3,2,4,0,4,5,2,1,3,2,1,1,0,10,11,2,3,1,2,2,4,0,1,0,0,6,3,0,1,0,0,3,1
"2013-06","Xiangkhoang",3,4,0,10,1,3,1,5,0,23,1,1,2,4,3,2,0,43,1,5,9,1,2,27,9,0,17,5,5,0,23,2,1,7,1,13,4,6,4,13,8,1,3,0,0,1,14,2,7,29,7,9,5,3,5,5,3,30,4,8,12,0,13,0,8,0,1,1,2,5,9,7,1,3,3,5,8,2,7,1,1,6,1,0,7,6,2,2,13,2,1,0,8,0,5,4,5,5,0,8,0,0,2,21,0,5,4,10,5,0,2,2,0,10,3,0,3,8,10,1,14,6,1,14,4,12,7,2,3,2,7,6,7,10,16,0,4,0,13,7,8,4,4,3,37,3,12,3,1,2,0,1,8,17,5,4,0,0,2,8,5,29,2,6,11,1,7,4,31,23,4,5,5,54,0,3,1,8,19,8,14,0,3,2,12,4,13,6,1,5,2,3,4,4,8,7,6,18,18,3,10,1,11,8,2,0,0,3,6,3,14,1,0,17,2,7,7,5,1,3,2,3,2,2,2,1,9,4,0,0,2,19,1,2,5,3,5,2,4,1,8,2,0,7,9,12,4,0,3,0,13,4,4,5,7,12,4,20,23,2,5,8,3,2,7,7,2,8,0,3,1,7,3,14,2,13,8,0,7,1,7,13,2,1,3,0,7,18,1,3,2,0,4,14,22,0,3,2,3,1,4,3,5,1,1,7,3,5,4,4,24,0,12,3,3,1,9,24,0,12,2,3,8,0,4,3,12,2,4,6,13,4,23,2,11,3,3,3,6,1,5,6,4,1,0,4,15,4,1,4,15,0,16,6,1,7,11,3,6,8,4,0,21,15,2,1,1,0,3,10,0,5,2,15,2,12,0,6,0,3,4,59,1,5,3,1,23,3,2,6,15,1,6,1,2,13,2,12,1,8,5,1,13,1,1,7,20,1,3,1,8,5,10,11,1,0,7,0,6,0,1,15,7,1,3,7,4,1,1,5,1,0,3,9,5,5,2,0,2,4,1,8,4,5,1,2,2,7,6,16,3,7,1,9,0,13,7,8,7,2,3,5,5,15,2,1,2,1,13,0,4,3,6,0,0,7,0,38,9,14,0,9,3,4,8,4,4,14,12,2,9,3,10,5,3,2,2,3,0,5,2,1,19,9,8,10,5,0,3,7,5,27,28,2,17,0,16,4,0,41,5,3,0,2,11,4,2,9,4,2,3,0,8,2,22,4,3,1,2,0,1,9,1,0,7,8,0,1,1,3,10,34,6,0,2,1,3,10,25,6,4,7,1,0,0,9,6,4,2,14,17,7,7,8,1,2,3,10,1,13,22,2,9,3,6,6,11,2,0,9,1,1,6,3,2,2,2,5,1,3,3,13,6,5,11,6,0,1,2,12,26,1,5,2,7,4,0,3,0,4,3,2,4,1,3,3,3,14,41,17,5,49,5,1,3,1,4,3,12,2,2,3,5,12,13,9,0,6,6,2,7,30,7,12,4,5,20,8,0,6,3,4,8,4,6,4,2,0,5,3,0,0,1,3,7,4,11,5,7,6,5,1,15,17,5,4,9,0,14,0,15,19,29,4,1,1,3,2,9,7,0,2,16,0,2,2,1,8,1,6,3,6,15,3,9,4,20,18,4,4,5,2,4,2,18,5,3,2,4,6,50,0,5,10,1,0,1,0,0,3,5,10,0,14,21,5,0,2,15,1,3,12,2,1,11,0,4,2,15,7,15,8,4,1,10,0,3,3,4,3,20,15,16,6,2,0,1,33,3,13,5,1,1,0,1,1,12,10,3,4,15,1,7,4,2,1,2,1,0,0,3,2,0,0,12,1,16,3,1,5,8,15,8,4,11,7,3,10,6,2,1,7,3,1,6,11,0,12,3,10,2,0,2,10,1,13,2,3,0,6,0,0,1,0,8,5,6,4,2,8,7,8,13,6,1,0,0,17,6,3,14,1,4,4,13,7,0,5,5,12,0,7,1,2,2,6,12,4,3,5,0,16,8,42,2,13,21,2,14,4,4,1,1,1,14,5,4,10,7,6,5,7,5,3,2,3,5,8,1,5,23,1,6,1,8,3,14,3,10,2,4,1,18,1,9,5,5,32,3,1,1,1,2,8,7,22,3,9,1,12,3,0,4,3,2,4,11,3,12,8,7,5,3,1,6,14,9,5,16,0,6,1,3,3,4,11,15,2,1,3,2,15,5,8,1,2,6,5,2,2,14,6,4,16,8,1,25,2,3,1,2,7,0,6,21,7,14,2,3,2
